[
 {
  "name": "name",
  "frequency_mhz": "frequency_mhz",
  "large_airport": "large_airport",
  "medium_airport": "medium_airport",
  "small_airport": "small_airport"
 },
 {
  "name": "Aberdeen Dyce Airport",
  "frequency_mhz": "118.105",
  "large_airport": "0",
  "medium_airport": "1",
  "small_airport": "0"
 },
 {
  "name": "Aberdeen Dyce Airport",
  "frequency_mhz": "119.055",
  "large_airport": "0",
  "medium_airport": "1",
  "small_airport": "0"
 },
 {
  "name": "Aberdeen Dyce Airport",
  "frequency_mhz": "121.705",
  "large_airport": "0",
  "medium_airport": "1",
  "small_airport": "0"
 },
 {
  "name": "Aberdeen Dyce Airport",
  "frequency_mhz": "121.855",
  "large_airport": "0",
  "medium_airport": "1",
  "small_airport": "0"
 },
 {
  "name": "Aberdeen Dyce Airport",
  "frequency_mhz": "128.305",
  "large_airport": "0",
  "medium_airport": "1",
  "small_airport": "0"
 },
 {
  "name": "Aberdeen Dyce Airport",
  "frequency_mhz": "134.1",
  "large_airport": "0",
  "medium_airport": "1",
  "small_airport": "0"
 },
 {
  "name": "Aberdeen Dyce Airport",
  "frequency_mhz": "135.175",
  "large_airport": "0",
  "medium_airport": "1",
  "small_airport": "0"
 },
 {
  "name": "Aberporth Airport",
  "frequency_mhz": "122.15",
  "large_airport": "0",
  "medium_airport": "0",
  "small_airport": "1"
 },
 {
  "name": "Andrewsfield",
  "frequency_mhz": "130.555",
  "large_airport": "0",
  "medium_airport": "0",
  "small_airport": "2"
 },
 {
  "name": "Anglesey Airport",
  "frequency_mhz": "120.725",
  "large_airport": "0",
  "medium_airport": "1",
  "small_airport": "0"
 },
 {
  "name": "Anglesey Airport",
  "frequency_mhz": "122.1",
  "large_airport": "0",
  "medium_airport": "2",
  "small_airport": "0"
 },
 {
  "name": "Anglesey Airport",
  "frequency_mhz": "125.225",
  "large_airport": "0",
  "medium_airport": "1",
  "small_airport": "0"
 },
 {
  "name": "Anglesey Airport",
  "frequency_mhz": "134.35",
  "large_airport": "0",
  "medium_airport": "1",
  "small_airport": "0"
 },
 {
  "name": "Ashcroft Airfield",
  "frequency_mhz": "122.525",
  "large_airport": "0",
  "medium_airport": "0",
  "small_airport": "1"
 },
 {
  "name": "Audley End Airfield",
  "frequency_mhz": "135.475",
  "large_airport": "0",
  "medium_airport": "0",
  "small_airport": "1"
 },
 {
  "name": "Badminton Airfield",
  "frequency_mhz": "123.175",
  "large_airport": "0",
  "medium_airport": "0",
  "small_airport": "1"
 },
 {
  "name": "Bagby Thirsk Prv Airport",
  "frequency_mhz": "123.25",
  "large_airport": "0",
  "medium_airport": "0",
  "small_airport": "1"
 },
 {
  "name": "Barra Airport",
  "frequency_mhz": "118.075",
  "large_airport": "0",
  "medium_airport": "1",
  "small_airport": "0"
 },
 {
  "name": "Barrow Walney Island Airport",
  "frequency_mhz": "123.2",
  "large_airport": "0",
  "medium_airport": "1",
  "small_airport": "0"
 },
 {
  "name": "Beccles Airfield",
  "frequency_mhz": "120.375",
  "large_airport": "0",
  "medium_airport": "0",
  "small_airport": "1"
 },
 {
  "name": "Bedford Aerodrome",
  "frequency_mhz": "119.025",
  "large_airport": "0",
  "medium_airport": "0",
  "small_airport": "1"
 },
 {
  "name": "Bedford Aerodrome",
  "frequency_mhz": "129.8",
  "large_airport": "0",
  "medium_airport": "0",
  "small_airport": "1"
 },
 {
  "name": "Belfast International Airport",
  "frequency_mhz": "26.48",
  "large_airport": "1",
  "medium_airport": "0",
  "small_airport": "0"
 },
 {
  "name": "Belfast International Airport",
  "frequency_mhz": "109.9",
  "large_airport": "1",
  "medium_airport": "0",
  "small_airport": "0"
 },
 {
  "name": "Belfast International Airport",
  "frequency_mhz": "110.9",
  "large_airport": "1",
  "medium_airport": "0",
  "small_airport": "0"
 },
 {
  "name": "Belfast International Airport",
  "frequency_mhz": "118.3",
  "large_airport": "1",
  "medium_airport": "0",
  "small_airport": "0"
 },
 {
  "name": "Belfast International Airport",
  "frequency_mhz": "120.9",
  "large_airport": "1",
  "medium_airport": "0",
  "small_airport": "0"
 },
 {
  "name": "Belfast International Airport",
  "frequency_mhz": "121.75",
  "large_airport": "1",
  "medium_airport": "0",
  "small_airport": "0"
 },
 {
  "name": "Belfast International Airport",
  "frequency_mhz": "128.2",
  "large_airport": "1",
  "medium_airport": "0",
  "small_airport": "0"
 },
 {
  "name": "Belfast International Airport",
  "frequency_mhz": "128.5",
  "large_airport": "1",
  "medium_airport": "0",
  "small_airport": "0"
 },
 {
  "name": "Bembridge Airport",
  "frequency_mhz": "123.25",
  "large_airport": "0",
  "medium_airport": "0",
  "small_airport": "1"
 },
 {
  "name": "Benbecula Airport",
  "frequency_mhz": "113.95",
  "large_airport": "0",
  "medium_airport": "1",
  "small_airport": "0"
 },
 {
  "name": "Benbecula Airport",
  "frequency_mhz": "119.205",
  "large_airport": "0",
  "medium_airport": "2",
  "small_airport": "0"
 },
 {
  "name": "Beverley/Linley Hill Airfield",
  "frequency_mhz": "123.05",
  "large_airport": "0",
  "medium_airport": "0",
  "small_airport": "1"
 },
 {
  "name": "Birmingham International Airport",
  "frequency_mhz": "118.05",
  "large_airport": "1",
  "medium_airport": "0",
  "small_airport": "0"
 },
 {
  "name": "Birmingham International Airport",
  "frequency_mhz": "118.3",
  "large_airport": "1",
  "medium_airport": "0",
  "small_airport": "0"
 },
 {
  "name": "Birmingham International Airport",
  "frequency_mhz": "121.8",
  "large_airport": "1",
  "medium_airport": "0",
  "small_airport": "0"
 },
 {
  "name": "Birmingham International Airport",
  "frequency_mhz": "136.02",
  "large_airport": "1",
  "medium_airport": "0",
  "small_airport": "0"
 },
 {
  "name": "Blackbushe Airport",
  "frequency_mhz": "122.3",
  "large_airport": "0",
  "medium_airport": "1",
  "small_airport": "0"
 },
 {
  "name": "Blackpool International Airport",
  "frequency_mhz": "118.4",
  "large_airport": "0",
  "medium_airport": "1",
  "small_airport": "0"
 },
 {
  "name": "Blackpool International Airport",
  "frequency_mhz": "119.95",
  "large_airport": "0",
  "medium_airport": "1",
  "small_airport": "0"
 },
 {
  "name": "Blackpool International Airport",
  "frequency_mhz": "121.75",
  "large_airport": "0",
  "medium_airport": "1",
  "small_airport": "0"
 },
 {
  "name": "Bodmin Airfield",
  "frequency_mhz": "122.7",
  "large_airport": "0",
  "medium_airport": "0",
  "small_airport": "1"
 },
 {
  "name": "Boston Aerodrome",
  "frequency_mhz": "135.475",
  "large_airport": "0",
  "medium_airport": "0",
  "small_airport": "1"
 },
 {
  "name": "Bourn Airfield",
  "frequency_mhz": "124.35",
  "large_airport": "0",
  "medium_airport": "0",
  "small_airport": "1"
 },
 {
  "name": "Bourn Airfield",
  "frequency_mhz": "129.8",
  "large_airport": "0",
  "medium_airport": "0",
  "small_airport": "1"
 },
 {
  "name": "Bournemouth Airport",
  "frequency_mhz": "119.475",
  "large_airport": "0",
  "medium_airport": "1",
  "small_airport": "0"
 },
 {
  "name": "Bournemouth Airport",
  "frequency_mhz": "121.7",
  "large_airport": "0",
  "medium_airport": "1",
  "small_airport": "0"
 },
 {
  "name": "Bournemouth Airport",
  "frequency_mhz": "121.95",
  "large_airport": "0",
  "medium_airport": "1",
  "small_airport": "0"
 },
 {
  "name": "Bournemouth Airport",
  "frequency_mhz": "125.6",
  "large_airport": "0",
  "medium_airport": "1",
  "small_airport": "0"
 },
 {
  "name": "Bowerswaine Farm Airfield",
  "frequency_mhz": "135.475",
  "large_airport": "0",
  "medium_airport": "0",
  "small_airport": "1"
 },
 {
  "name": "Branscombe Airfield",
  "frequency_mhz": "135.475",
  "large_airport": "0",
  "medium_airport": "0",
  "small_airport": "1"
 },
 {
  "name": "Breighton Airfield",
  "frequency_mhz": "129.8",
  "large_airport": "0",
  "medium_airport": "0",
  "small_airport": "1"
 },
 {
  "name": "Bristol Airport",
  "frequency_mhz": "121.925",
  "large_airport": "1",
  "medium_airport": "0",
  "small_airport": "0"
 },
 {
  "name": "Bristol Airport",
  "frequency_mhz": "126.025",
  "large_airport": "1",
  "medium_airport": "0",
  "small_airport": "0"
 },
 {
  "name": "Bristol Airport",
  "frequency_mhz": "133.85",
  "large_airport": "1",
  "medium_airport": "0",
  "small_airport": "0"
 },
 {
  "name": "Bristol Airport",
  "frequency_mhz": "136.075",
  "large_airport": "1",
  "medium_airport": "0",
  "small_airport": "0"
 },
 {
  "name": "Bruntingthorpe Airport",
  "frequency_mhz": "122.825",
  "large_airport": "0",
  "medium_airport": "0",
  "small_airport": "1"
 },
 {
  "name": "Bute Airfield",
  "frequency_mhz": "135.475",
  "large_airport": "0",
  "medium_airport": "0",
  "small_airport": "1"
 },
 {
  "name": "Caernarfon Airport",
  "frequency_mhz": "122.25",
  "large_airport": "0",
  "medium_airport": "0",
  "small_airport": "1"
 },
 {
  "name": "Cambridge Airport",
  "frequency_mhz": "122.2",
  "large_airport": "0",
  "medium_airport": "1",
  "small_airport": "0"
 },
 {
  "name": "Cambridge Airport",
  "frequency_mhz": "123.6",
  "large_airport": "0",
  "medium_airport": "1",
  "small_airport": "0"
 },
 {
  "name": "Cambridge Airport",
  "frequency_mhz": "124.975",
  "large_airport": "0",
  "medium_airport": "1",
  "small_airport": "0"
 },
 {
  "name": "Cambridge Airport",
  "frequency_mhz": "134.6",
  "large_airport": "0",
  "medium_airport": "1",
  "small_airport": "0"
 },
 {
  "name": "Campbeltown Airport",
  "frequency_mhz": "125.905",
  "large_airport": "0",
  "medium_airport": "1",
  "small_airport": "0"
 },
 {
  "name": "Cardiff Heliport",
  "frequency_mhz": "120.65",
  "large_airport": "0",
  "medium_airport": "0",
  "small_airport": "0"
 },
 {
  "name": "Cardiff International Airport",
  "frequency_mhz": "119.15",
  "large_airport": "1",
  "medium_airport": "0",
  "small_airport": "0"
 },
 {
  "name": "Cardiff International Airport",
  "frequency_mhz": "125.85",
  "large_airport": "1",
  "medium_airport": "0",
  "small_airport": "0"
 },
 {
  "name": "Cardiff International Airport",
  "frequency_mhz": "132.475",
  "large_airport": "1",
  "medium_airport": "0",
  "small_airport": "0"
 },
 {
  "name": "Cardiff International Airport",
  "frequency_mhz": "133.1",
  "large_airport": "1",
  "medium_airport": "0",
  "small_airport": "0"
 },
 {
  "name": "Cardiff International Airport",
  "frequency_mhz": "133.6",
  "large_airport": "1",
  "medium_airport": "0",
  "small_airport": "0"
 },
 {
  "name": "Cark airfield",
  "frequency_mhz": "129.9",
  "large_airport": "0",
  "medium_airport": "0",
  "small_airport": "1"
 },
 {
  "name": "Carlisle Airport",
  "frequency_mhz": "118.425",
  "large_airport": "0",
  "medium_airport": "1",
  "small_airport": "0"
 },
 {
  "name": "Carlisle Airport",
  "frequency_mhz": "123.6",
  "large_airport": "0",
  "medium_airport": "3",
  "small_airport": "0"
 },
 {
  "name": "Causeway Airfield",
  "frequency_mhz": "135.475",
  "large_airport": "0",
  "medium_airport": "0",
  "small_airport": "1"
 },
 {
  "name": "Chalgrove Airport",
  "frequency_mhz": "125.4",
  "large_airport": "0",
  "medium_airport": "0",
  "small_airport": "1"
 },
 {
  "name": "Chiltern Park Aerodrome",
  "frequency_mhz": "134.025",
  "large_airport": "0",
  "medium_airport": "0",
  "small_airport": "1"
 },
 {
  "name": "City Airport Manchester",
  "frequency_mhz": "120.25",
  "large_airport": "0",
  "medium_airport": "0",
  "small_airport": "1"
 },
 {
  "name": "City of Derry Airport",
  "frequency_mhz": "119.38",
  "large_airport": "0",
  "medium_airport": "1",
  "small_airport": "0"
 },
 {
  "name": "City of Derry Airport",
  "frequency_mhz": "123.625",
  "large_airport": "0",
  "medium_airport": "1",
  "small_airport": "0"
 },
 {
  "name": "City of Derry Airport",
  "frequency_mhz": "134.155",
  "large_airport": "0",
  "medium_airport": "1",
  "small_airport": "0"
 },
 {
  "name": "Clacton Airfield",
  "frequency_mhz": "118.15",
  "large_airport": "0",
  "medium_airport": "0",
  "small_airport": "1"
 },
 {
  "name": "Clench Common Airfield",
  "frequency_mhz": "129.825",
  "large_airport": "0",
  "medium_airport": "0",
  "small_airport": "1"
 },
 {
  "name": "Clench Common Airfield",
  "frequency_mhz": "135.475",
  "large_airport": "0",
  "medium_airport": "0",
  "small_airport": "1"
 },
 {
  "name": "Colemore Farm Airfield",
  "frequency_mhz": "135.475",
  "large_airport": "0",
  "medium_airport": "0",
  "small_airport": "1"
 },
 {
  "name": "Coll Airport",
  "frequency_mhz": "125.0",
  "large_airport": "0",
  "medium_airport": "0",
  "small_airport": "1"
 },
 {
  "name": "Colonsay Airstrip",
  "frequency_mhz": "123.8",
  "large_airport": "0",
  "medium_airport": "0",
  "small_airport": "1"
 },
 {
  "name": "Compton Abbas Aerodrome",
  "frequency_mhz": "122.7",
  "large_airport": "0",
  "medium_airport": "0",
  "small_airport": "1"
 },
 {
  "name": "Cotswold Airport",
  "frequency_mhz": "118.9",
  "large_airport": "0",
  "medium_airport": "0",
  "small_airport": "1"
 },
 {
  "name": "Coventry Airport",
  "frequency_mhz": "121.6",
  "large_airport": "0",
  "medium_airport": "1",
  "small_airport": "0"
 },
 {
  "name": "Coventry Airport",
  "frequency_mhz": "123.83",
  "large_airport": "0",
  "medium_airport": "1",
  "small_airport": "0"
 },
 {
  "name": "Cranfield Airport",
  "frequency_mhz": "121.875",
  "large_airport": "0",
  "medium_airport": "1",
  "small_airport": "0"
 },
 {
  "name": "Cranfield Airport",
  "frequency_mhz": "122.85",
  "large_airport": "0",
  "medium_airport": "2",
  "small_airport": "0"
 },
 {
  "name": "Cranfield Airport",
  "frequency_mhz": "134.925",
  "large_airport": "0",
  "medium_airport": "1",
  "small_airport": "0"
 },
 {
  "name": "Cromer/Northrepps Aerodrome",
  "frequency_mhz": "129.825",
  "large_airport": "0",
  "medium_airport": "0",
  "small_airport": "1"
 },
 {
  "name": "Crowfield Airfield",
  "frequency_mhz": "122.775",
  "large_airport": "0",
  "medium_airport": "0",
  "small_airport": "1"
 },
 {
  "name": "Crowfield Airfield",
  "frequency_mhz": "125.8",
  "large_airport": "0",
  "medium_airport": "0",
  "small_airport": "1"
 },
 {
  "name": "Cumbernauld Airport",
  "frequency_mhz": "120.6",
  "large_airport": "0",
  "medium_airport": "0",
  "small_airport": "1"
 },
 {
  "name": "DCAE Cosford Air Base",
  "frequency_mhz": "28.2",
  "large_airport": "0",
  "medium_airport": "1",
  "small_airport": "0"
 },
 {
  "name": "DCAE Cosford Air Base",
  "frequency_mhz": "128.65",
  "large_airport": "0",
  "medium_airport": "2",
  "small_airport": "0"
 },
 {
  "name": "DCAE Cosford Air Base",
  "frequency_mhz": "135.875",
  "large_airport": "0",
  "medium_airport": "1",
  "small_airport": "0"
 },
 {
  "name": "DCAE Cosford Air Base",
  "frequency_mhz": "241.4",
  "large_airport": "0",
  "medium_airport": "1",
  "small_airport": "0"
 },
 {
  "name": "DCAE Cosford Air Base",
  "frequency_mhz": "376.42",
  "large_airport": "0",
  "medium_airport": "1",
  "small_airport": "0"
 },
 {
  "name": "DCAE Cosford Air Base",
  "frequency_mhz": "378.65",
  "large_airport": "0",
  "medium_airport": "1",
  "small_airport": "0"
 },
 {
  "name": "Darley Moor Airfield",
  "frequency_mhz": "135.475",
  "large_airport": "0",
  "medium_airport": "0",
  "small_airport": "1"
 },
 {
  "name": "Deanland Lewes Airfield",
  "frequency_mhz": "129.73",
  "large_airport": "0",
  "medium_airport": "0",
  "small_airport": "1"
 },
 {
  "name": "Denham Aerodrome",
  "frequency_mhz": "130.725",
  "large_airport": "0",
  "medium_airport": "0",
  "small_airport": "2"
 },
 {
  "name": "Derby Airfield",
  "frequency_mhz": "118.35",
  "large_airport": "0",
  "medium_airport": "0",
  "small_airport": "1"
 },
 {
  "name": "Dornoch Airfield",
  "frequency_mhz": "119.35",
  "large_airport": "0",
  "medium_airport": "0",
  "small_airport": "1"
 },
 {
  "name": "Dundee Airport",
  "frequency_mhz": "119.33",
  "large_airport": "0",
  "medium_airport": "1",
  "small_airport": "0"
 },
 {
  "name": "Dundee Airport",
  "frequency_mhz": "122.905",
  "large_airport": "0",
  "medium_airport": "2",
  "small_airport": "0"
 },
 {
  "name": "Dunkeswell Airport",
  "frequency_mhz": "123.475",
  "large_airport": "0",
  "medium_airport": "0",
  "small_airport": "1"
 },
 {
  "name": "Dunsfold Aerodrome",
  "frequency_mhz": "119.1",
  "large_airport": "0",
  "medium_airport": "0",
  "small_airport": "1"
 },
 {
  "name": "Duxford Aerodrome",
  "frequency_mhz": "122.075",
  "large_airport": "0",
  "medium_airport": "0",
  "small_airport": "1"
 },
 {
  "name": "Eaglescott Airfield",
  "frequency_mhz": "123.0",
  "large_airport": "0",
  "medium_airport": "0",
  "small_airport": "1"
 },
 {
  "name": "Earls Colne Airfield",
  "frequency_mhz": "122.425",
  "large_airport": "0",
  "medium_airport": "0",
  "small_airport": "1"
 },
 {
  "name": "East Midlands Airport",
  "frequency_mhz": "121.6",
  "large_airport": "1",
  "medium_airport": "0",
  "small_airport": "0"
 },
 {
  "name": "East Midlands Airport",
  "frequency_mhz": "121.9",
  "large_airport": "1",
  "medium_airport": "0",
  "small_airport": "0"
 },
 {
  "name": "East Midlands Airport",
  "frequency_mhz": "122.675",
  "large_airport": "1",
  "medium_airport": "0",
  "small_airport": "0"
 },
 {
  "name": "East Midlands Airport",
  "frequency_mhz": "124.0",
  "large_airport": "1",
  "medium_airport": "0",
  "small_airport": "0"
 },
 {
  "name": "East Midlands Airport",
  "frequency_mhz": "134.175",
  "large_airport": "1",
  "medium_airport": "0",
  "small_airport": "0"
 },
 {
  "name": "Easter Airfield",
  "frequency_mhz": "122.75",
  "large_airport": "0",
  "medium_airport": "0",
  "small_airport": "1"
 },
 {
  "name": "Easter Airfield",
  "frequency_mhz": "135.48",
  "large_airport": "0",
  "medium_airport": "0",
  "small_airport": "1"
 },
 {
  "name": "Edinburgh Airport",
  "frequency_mhz": "118.7",
  "large_airport": "1",
  "medium_airport": "0",
  "small_airport": "0"
 },
 {
  "name": "Edinburgh Airport",
  "frequency_mhz": "121.2",
  "large_airport": "1",
  "medium_airport": "0",
  "small_airport": "0"
 },
 {
  "name": "Edinburgh Airport",
  "frequency_mhz": "121.75",
  "large_airport": "1",
  "medium_airport": "0",
  "small_airport": "0"
 },
 {
  "name": "Edinburgh Airport",
  "frequency_mhz": "131.35",
  "large_airport": "1",
  "medium_airport": "0",
  "small_airport": "0"
 },
 {
  "name": "Eggesford Airfield",
  "frequency_mhz": "123.5",
  "large_airport": "0",
  "medium_airport": "0",
  "small_airport": "1"
 },
 {
  "name": "Elmsett Airfield",
  "frequency_mhz": "130.9",
  "large_airport": "0",
  "medium_airport": "0",
  "small_airport": "1"
 },
 {
  "name": "Elstree Airfield",
  "frequency_mhz": "122.4",
  "large_airport": "0",
  "medium_airport": "0",
  "small_airport": "2"
 },
 {
  "name": "Elvington Airfield",
  "frequency_mhz": "119.625",
  "large_airport": "0",
  "medium_airport": "0",
  "small_airport": "1"
 },
 {
  "name": "Enniskillen/St Angelo Airport",
  "frequency_mhz": "123.205",
  "large_airport": "0",
  "medium_airport": "1",
  "small_airport": "0"
 },
 {
  "name": "Enstone Aerodrome",
  "frequency_mhz": "129.875",
  "large_airport": "0",
  "medium_airport": "0",
  "small_airport": "1"
 },
 {
  "name": "Eshott Airfield",
  "frequency_mhz": "122.85",
  "large_airport": "0",
  "medium_airport": "0",
  "small_airport": "1"
 },
 {
  "name": "Eshott Airfield",
  "frequency_mhz": "124.375",
  "large_airport": "0",
  "medium_airport": "0",
  "small_airport": "1"
 },
 {
  "name": "Exeter International Airport",
  "frequency_mhz": "119.325",
  "large_airport": "1",
  "medium_airport": "0",
  "small_airport": "0"
 },
 {
  "name": "Exeter International Airport",
  "frequency_mhz": "119.8",
  "large_airport": "1",
  "medium_airport": "0",
  "small_airport": "0"
 },
 {
  "name": "Exeter International Airport",
  "frequency_mhz": "123.57",
  "large_airport": "1",
  "medium_airport": "0",
  "small_airport": "0"
 },
 {
  "name": "Exeter International Airport",
  "frequency_mhz": "128.975",
  "large_airport": "1",
  "medium_airport": "0",
  "small_airport": "0"
 },
 {
  "name": "Fair Isle Airport",
  "frequency_mhz": "118.025",
  "large_airport": "0",
  "medium_airport": "0",
  "small_airport": "1"
 },
 {
  "name": "Fairoaks Airport",
  "frequency_mhz": "123.43",
  "large_airport": "0",
  "medium_airport": "0",
  "small_airport": "2"
 },
 {
  "name": "Farnborough Airport",
  "frequency_mhz": "121.6",
  "large_airport": "0",
  "medium_airport": "1",
  "small_airport": "0"
 },
 {
  "name": "Farnborough Airport",
  "frequency_mhz": "122.5",
  "large_airport": "0",
  "medium_airport": "1",
  "small_airport": "0"
 },
 {
  "name": "Farnborough Airport",
  "frequency_mhz": "123.225",
  "large_airport": "0",
  "medium_airport": "1",
  "small_airport": "0"
 },
 {
  "name": "Farnborough Airport",
  "frequency_mhz": "125.25",
  "large_airport": "0",
  "medium_airport": "1",
  "small_airport": "0"
 },
 {
  "name": "Farnborough Airport",
  "frequency_mhz": "128.4",
  "large_airport": "0",
  "medium_airport": "1",
  "small_airport": "0"
 },
 {
  "name": "Farnborough Airport",
  "frequency_mhz": "130.05",
  "large_airport": "0",
  "medium_airport": "1",
  "small_airport": "0"
 },
 {
  "name": "Farnborough Airport",
  "frequency_mhz": "130.375",
  "large_airport": "0",
  "medium_airport": "1",
  "small_airport": "0"
 },
 {
  "name": "Farnborough Airport",
  "frequency_mhz": "132.8",
  "large_airport": "0",
  "medium_airport": "1",
  "small_airport": "0"
 },
 {
  "name": "Farnborough Airport",
  "frequency_mhz": "134.35",
  "large_airport": "0",
  "medium_airport": "1",
  "small_airport": "0"
 },
 {
  "name": "Farway Common Airfield",
  "frequency_mhz": "135.475",
  "large_airport": "0",
  "medium_airport": "0",
  "small_airport": "1"
 },
 {
  "name": "Fenland Airfield",
  "frequency_mhz": "122.925",
  "large_airport": "0",
  "medium_airport": "0",
  "small_airport": "2"
 },
 {
  "name": "Fife Airport",
  "frequency_mhz": "130.455",
  "large_airport": "0",
  "medium_airport": "0",
  "small_airport": "1"
 },
 {
  "name": "Fowlmere Airfield",
  "frequency_mhz": "120.925",
  "large_airport": "0",
  "medium_airport": "0",
  "small_airport": "1"
 },
 {
  "name": "Fowlmere Airfield",
  "frequency_mhz": "135.7",
  "large_airport": "0",
  "medium_airport": "0",
  "small_airport": "1"
 },
 {
  "name": "Full Sutton Airfield",
  "frequency_mhz": "132.325",
  "large_airport": "0",
  "medium_airport": "0",
  "small_airport": "1"
 },
 {
  "name": "Garton Field Airstrip",
  "frequency_mhz": "122.075",
  "large_airport": "0",
  "medium_airport": "0",
  "small_airport": "1"
 },
 {
  "name": "George Best Belfast City Airport",
  "frequency_mhz": "122.825",
  "large_airport": "0",
  "medium_airport": "1",
  "small_airport": "0"
 },
 {
  "name": "George Best Belfast City Airport",
  "frequency_mhz": "130.85",
  "large_airport": "0",
  "medium_airport": "1",
  "small_airport": "0"
 },
 {
  "name": "George Best Belfast City Airport",
  "frequency_mhz": "136.625",
  "large_airport": "0",
  "medium_airport": "1",
  "small_airport": "0"
 },
 {
  "name": "Gigha Airfield",
  "frequency_mhz": "135.475",
  "large_airport": "0",
  "medium_airport": "0",
  "small_airport": "1"
 },
 {
  "name": "Glasgow International Airport",
  "frequency_mhz": "118.805",
  "large_airport": "1",
  "medium_airport": "0",
  "small_airport": "0"
 },
 {
  "name": "Glasgow International Airport",
  "frequency_mhz": "119.1",
  "large_airport": "1",
  "medium_airport": "0",
  "small_airport": "0"
 },
 {
  "name": "Glasgow International Airport",
  "frequency_mhz": "120.35",
  "large_airport": "1",
  "medium_airport": "0",
  "small_airport": "0"
 },
 {
  "name": "Glasgow International Airport",
  "frequency_mhz": "121.705",
  "large_airport": "1",
  "medium_airport": "0",
  "small_airport": "0"
 },
 {
  "name": "Glasgow International Airport",
  "frequency_mhz": "129.575",
  "large_airport": "1",
  "medium_airport": "0",
  "small_airport": "0"
 },
 {
  "name": "Glasgow Prestwick Airport",
  "frequency_mhz": "118.15",
  "large_airport": "0",
  "medium_airport": "1",
  "small_airport": "0"
 },
 {
  "name": "Glasgow Prestwick Airport",
  "frequency_mhz": "120.55",
  "large_airport": "0",
  "medium_airport": "1",
  "small_airport": "0"
 },
 {
  "name": "Glasgow Prestwick Airport",
  "frequency_mhz": "121.125",
  "large_airport": "0",
  "medium_airport": "1",
  "small_airport": "0"
 },
 {
  "name": "Glasgow Prestwick Airport",
  "frequency_mhz": "129.45",
  "large_airport": "0",
  "medium_airport": "1",
  "small_airport": "0"
 },
 {
  "name": "Glenforsa Airfield",
  "frequency_mhz": "128.8",
  "large_airport": "0",
  "medium_airport": "0",
  "small_airport": "1"
 },
 {
  "name": "Glenswinton Farm Airstrip",
  "frequency_mhz": "135.475",
  "large_airport": "0",
  "medium_airport": "0",
  "small_airport": "1"
 },
 {
  "name": "Gloucestershire Airport",
  "frequency_mhz": "120.975",
  "large_airport": "0",
  "medium_airport": "1",
  "small_airport": "0"
 },
 {
  "name": "Gloucestershire Airport",
  "frequency_mhz": "121.6",
  "large_airport": "0",
  "medium_airport": "1",
  "small_airport": "0"
 },
 {
  "name": "Gloucestershire Airport",
  "frequency_mhz": "122.9",
  "large_airport": "0",
  "medium_airport": "1",
  "small_airport": "0"
 },
 {
  "name": "Gloucestershire Airport",
  "frequency_mhz": "127.475",
  "large_airport": "0",
  "medium_airport": "1",
  "small_airport": "0"
 },
 {
  "name": "Gloucestershire Airport",
  "frequency_mhz": "128.55",
  "large_airport": "0",
  "medium_airport": "1",
  "small_airport": "0"
 },
 {
  "name": "Goodwood Aerodrome",
  "frequency_mhz": "122.455",
  "large_airport": "0",
  "medium_airport": "0",
  "small_airport": "1"
 },
 {
  "name": "Great Oakley",
  "frequency_mhz": "123.205",
  "large_airport": "0",
  "medium_airport": "0",
  "small_airport": "1"
 },
 {
  "name": "Great Yarmouth - North Denes Heliport",
  "frequency_mhz": "123.4",
  "large_airport": "0",
  "medium_airport": "0",
  "small_airport": "0"
 },
 {
  "name": "Greenlease Farm Airstrip",
  "frequency_mhz": "122.455",
  "large_airport": "0",
  "medium_airport": "0",
  "small_airport": "1"
 },
 {
  "name": "Grove Farm Airstrip",
  "frequency_mhz": "130.43",
  "large_airport": "0",
  "medium_airport": "0",
  "small_airport": "1"
 },
 {
  "name": "Haverfordwest Airport",
  "frequency_mhz": "122.2",
  "large_airport": "0",
  "medium_airport": "1",
  "small_airport": "0"
 },
 {
  "name": "Hawarden Airport",
  "frequency_mhz": "120.055",
  "large_airport": "0",
  "medium_airport": "1",
  "small_airport": "0"
 },
 {
  "name": "Hawarden Airport",
  "frequency_mhz": "124.955",
  "large_airport": "0",
  "medium_airport": "1",
  "small_airport": "0"
 },
 {
  "name": "Hawarden Airport",
  "frequency_mhz": "125.43",
  "large_airport": "0",
  "medium_airport": "1",
  "small_airport": "0"
 },
 {
  "name": "Hawarden Airport",
  "frequency_mhz": "130.015",
  "large_airport": "0",
  "medium_airport": "1",
  "small_airport": "0"
 },
 {
  "name": "Headcorn Aerodrome",
  "frequency_mhz": "122.0",
  "large_airport": "0",
  "medium_airport": "0",
  "small_airport": "1"
 },
 {
  "name": "Henstridge Airfield",
  "frequency_mhz": "130.25",
  "large_airport": "0",
  "medium_airport": "0",
  "small_airport": "1"
 },
 {
  "name": "Hinton-in-the-Hedges Airfield",
  "frequency_mhz": "119.45",
  "large_airport": "0",
  "medium_airport": "0",
  "small_airport": "1"
 },
 {
  "name": "Holmbeck Farm Airfield",
  "frequency_mhz": "135.475",
  "large_airport": "0",
  "medium_airport": "0",
  "small_airport": "1"
 },
 {
  "name": "Humberside Airport",
  "frequency_mhz": "119.13",
  "large_airport": "0",
  "medium_airport": "1",
  "small_airport": "0"
 },
 {
  "name": "Humberside Airport",
  "frequency_mhz": "124.13",
  "large_airport": "0",
  "medium_airport": "1",
  "small_airport": "0"
 },
 {
  "name": "Humberside Airport",
  "frequency_mhz": "124.905",
  "large_airport": "0",
  "medium_airport": "1",
  "small_airport": "0"
 },
 {
  "name": "Humberside Airport",
  "frequency_mhz": "129.255",
  "large_airport": "0",
  "medium_airport": "1",
  "small_airport": "0"
 },
 {
  "name": "Hunsdon Airfield",
  "frequency_mhz": "135.48",
  "large_airport": "0",
  "medium_airport": "0",
  "small_airport": "1"
 },
 {
  "name": "Insch",
  "frequency_mhz": "135.475",
  "large_airport": "0",
  "medium_airport": "0",
  "small_airport": "1"
 },
 {
  "name": "Inverness Airport",
  "frequency_mhz": "109.2",
  "large_airport": "0",
  "medium_airport": "1",
  "small_airport": "0"
 },
 {
  "name": "Inverness Airport",
  "frequency_mhz": "118.405",
  "large_airport": "0",
  "medium_airport": "1",
  "small_airport": "0"
 },
 {
  "name": "Inverness Airport",
  "frequency_mhz": "122.605",
  "large_airport": "0",
  "medium_airport": "3",
  "small_airport": "0"
 },
 {
  "name": "Islay Airport",
  "frequency_mhz": "123.155",
  "large_airport": "0",
  "medium_airport": "1",
  "small_airport": "0"
 },
 {
  "name": "Isle of Wight / Sandown Airport",
  "frequency_mhz": "123.5",
  "large_airport": "0",
  "medium_airport": "0",
  "small_airport": "1"
 },
 {
  "name": "Keyston Airfield",
  "frequency_mhz": "135.475",
  "large_airport": "0",
  "medium_airport": "0",
  "small_airport": "1"
 },
 {
  "name": "Kirkwall Airport",
  "frequency_mhz": "118.305",
  "large_airport": "0",
  "medium_airport": "2",
  "small_airport": "0"
 },
 {
  "name": "Kirriemuir Farm Strip",
  "frequency_mhz": "132.475",
  "large_airport": "0",
  "medium_airport": "0",
  "small_airport": "1"
 },
 {
  "name": "Land's End Airport",
  "frequency_mhz": "130.7",
  "large_airport": "0",
  "medium_airport": "0",
  "small_airport": "3"
 },
 {
  "name": "Lasham Airfield",
  "frequency_mhz": "125.25",
  "large_airport": "0",
  "medium_airport": "1",
  "small_airport": "0"
 },
 {
  "name": "Lasham Airfield",
  "frequency_mhz": "129.9",
  "large_airport": "0",
  "medium_airport": "1",
  "small_airport": "0"
 },
 {
  "name": "Leeds Bradford Airport",
  "frequency_mhz": "110.9",
  "large_airport": "1",
  "medium_airport": "0",
  "small_airport": "0"
 },
 {
  "name": "Leeds Bradford Airport",
  "frequency_mhz": "118.025",
  "large_airport": "1",
  "medium_airport": "0",
  "small_airport": "0"
 },
 {
  "name": "Leeds Bradford Airport",
  "frequency_mhz": "120.305",
  "large_airport": "1",
  "medium_airport": "0",
  "small_airport": "0"
 },
 {
  "name": "Leeds Bradford Airport",
  "frequency_mhz": "121.805",
  "large_airport": "1",
  "medium_airport": "0",
  "small_airport": "0"
 },
 {
  "name": "Leeds Bradford Airport",
  "frequency_mhz": "123.38",
  "large_airport": "1",
  "medium_airport": "0",
  "small_airport": "0"
 },
 {
  "name": "Leeds Bradford Airport",
  "frequency_mhz": "134.58",
  "large_airport": "1",
  "medium_airport": "0",
  "small_airport": "0"
 },
 {
  "name": "Leeds East Airport",
  "frequency_mhz": "126.5",
  "large_airport": "0",
  "medium_airport": "1",
  "small_airport": "0"
 },
 {
  "name": "Leicester Airport",
  "frequency_mhz": "122.125",
  "large_airport": "0",
  "medium_airport": "0",
  "small_airport": "1"
 },
 {
  "name": "Lerwick / Tingwall Airport",
  "frequency_mhz": "122.6",
  "large_airport": "0",
  "medium_airport": "0",
  "small_airport": "1"
 },
 {
  "name": "Leuchars Station Airfield",
  "frequency_mhz": "36.925",
  "large_airport": "0",
  "medium_airport": "1",
  "small_airport": "0"
 },
 {
  "name": "Leuchars Station Airfield",
  "frequency_mhz": "37.007",
  "large_airport": "0",
  "medium_airport": "1",
  "small_airport": "0"
 },
 {
  "name": "Leuchars Station Airfield",
  "frequency_mhz": "122.1",
  "large_airport": "0",
  "medium_airport": "2",
  "small_airport": "0"
 },
 {
  "name": "Leuchars Station Airfield",
  "frequency_mhz": "123.3",
  "large_airport": "0",
  "medium_airport": "1",
  "small_airport": "0"
 },
 {
  "name": "Leuchars Station Airfield",
  "frequency_mhz": "126.5",
  "large_airport": "0",
  "medium_airport": "1",
  "small_airport": "0"
 },
 {
  "name": "Little Gransden Airfield",
  "frequency_mhz": "130.85",
  "large_airport": "0",
  "medium_airport": "0",
  "small_airport": "1"
 },
 {
  "name": "Liverpool John Lennon Airport",
  "frequency_mhz": "119.85",
  "large_airport": "1",
  "medium_airport": "0",
  "small_airport": "0"
 },
 {
  "name": "Liverpool John Lennon Airport",
  "frequency_mhz": "121.95",
  "large_airport": "1",
  "medium_airport": "0",
  "small_airport": "0"
 },
 {
  "name": "Liverpool John Lennon Airport",
  "frequency_mhz": "124.325",
  "large_airport": "1",
  "medium_airport": "0",
  "small_airport": "0"
 },
 {
  "name": "Liverpool John Lennon Airport",
  "frequency_mhz": "126.35",
  "large_airport": "1",
  "medium_airport": "0",
  "small_airport": "0"
 },
 {
  "name": "Llanbedr Airport",
  "frequency_mhz": "29.252",
  "large_airport": "0",
  "medium_airport": "0",
  "small_airport": "1"
 },
 {
  "name": "Llanbedr Airport",
  "frequency_mhz": "118.93",
  "large_airport": "0",
  "medium_airport": "0",
  "small_airport": "1"
 },
 {
  "name": "London Biggin Hill Airport",
  "frequency_mhz": "129.4",
  "large_airport": "0",
  "medium_airport": "1",
  "small_airport": "0"
 },
 {
  "name": "London Biggin Hill Airport",
  "frequency_mhz": "132.7",
  "large_airport": "0",
  "medium_airport": "1",
  "small_airport": "0"
 },
 {
  "name": "London Biggin Hill Airport",
  "frequency_mhz": "134.8",
  "large_airport": "0",
  "medium_airport": "1",
  "small_airport": "0"
 },
 {
  "name": "London Biggin Hill Airport",
  "frequency_mhz": "135.675",
  "large_airport": "0",
  "medium_airport": "1",
  "small_airport": "0"
 },
 {
  "name": "London City Airport",
  "frequency_mhz": "118.075",
  "large_airport": "0",
  "medium_airport": "1",
  "small_airport": "0"
 },
 {
  "name": "London City Airport",
  "frequency_mhz": "121.825",
  "large_airport": "0",
  "medium_airport": "1",
  "small_airport": "0"
 },
 {
  "name": "London City Airport",
  "frequency_mhz": "132.7",
  "large_airport": "0",
  "medium_airport": "1",
  "small_airport": "0"
 },
 {
  "name": "London City Airport",
  "frequency_mhz": "136.35",
  "large_airport": "0",
  "medium_airport": "1",
  "small_airport": "0"
 },
 {
  "name": "London Gatwick Airport",
  "frequency_mhz": "118.95",
  "large_airport": "1",
  "medium_airport": "0",
  "small_airport": "0"
 },
 {
  "name": "London Gatwick Airport",
  "frequency_mhz": "121.805",
  "large_airport": "1",
  "medium_airport": "0",
  "small_airport": "0"
 },
 {
  "name": "London Gatwick Airport",
  "frequency_mhz": "121.955",
  "large_airport": "1",
  "medium_airport": "0",
  "small_airport": "0"
 },
 {
  "name": "London Gatwick Airport",
  "frequency_mhz": "124.3",
  "large_airport": "1",
  "medium_airport": "0",
  "small_airport": "0"
 },
 {
  "name": "London Gatwick Airport",
  "frequency_mhz": "126.825",
  "large_airport": "1",
  "medium_airport": "0",
  "small_airport": "0"
 },
 {
  "name": "London Gatwick Airport",
  "frequency_mhz": "136.525",
  "large_airport": "1",
  "medium_airport": "0",
  "small_airport": "0"
 },
 {
  "name": "London Heathrow Airport",
  "frequency_mhz": "113.75",
  "large_airport": "1",
  "medium_airport": "0",
  "small_airport": "0"
 },
 {
  "name": "London Heathrow Airport",
  "frequency_mhz": "115.1",
  "large_airport": "1",
  "medium_airport": "0",
  "small_airport": "0"
 },
 {
  "name": "London Heathrow Airport",
  "frequency_mhz": "118.5",
  "large_airport": "1",
  "medium_airport": "0",
  "small_airport": "0"
 },
 {
  "name": "London Heathrow Airport",
  "frequency_mhz": "118.7",
  "large_airport": "1",
  "medium_airport": "0",
  "small_airport": "0"
 },
 {
  "name": "London Heathrow Airport",
  "frequency_mhz": "119.725",
  "large_airport": "1",
  "medium_airport": "0",
  "small_airport": "0"
 },
 {
  "name": "London Heathrow Airport",
  "frequency_mhz": "120.4",
  "large_airport": "1",
  "medium_airport": "0",
  "small_airport": "0"
 },
 {
  "name": "London Heathrow Airport",
  "frequency_mhz": "121.7",
  "large_airport": "1",
  "medium_airport": "0",
  "small_airport": "0"
 },
 {
  "name": "London Heathrow Airport",
  "frequency_mhz": "121.85",
  "large_airport": "1",
  "medium_airport": "0",
  "small_airport": "0"
 },
 {
  "name": "London Heathrow Airport",
  "frequency_mhz": "121.9",
  "large_airport": "1",
  "medium_airport": "0",
  "small_airport": "0"
 },
 {
  "name": "London Heathrow Airport",
  "frequency_mhz": "121.935",
  "large_airport": "1",
  "medium_airport": "0",
  "small_airport": "0"
 },
 {
  "name": "London Heathrow Airport",
  "frequency_mhz": "121.975",
  "large_airport": "1",
  "medium_airport": "0",
  "small_airport": "0"
 },
 {
  "name": "London Heathrow Airport",
  "frequency_mhz": "124.475",
  "large_airport": "1",
  "medium_airport": "0",
  "small_airport": "0"
 },
 {
  "name": "London Heathrow Airport",
  "frequency_mhz": "127.525",
  "large_airport": "1",
  "medium_airport": "0",
  "small_airport": "0"
 },
 {
  "name": "London Heathrow Airport",
  "frequency_mhz": "128.075",
  "large_airport": "1",
  "medium_airport": "0",
  "small_airport": "0"
 },
 {
  "name": "London Heathrow Airport",
  "frequency_mhz": "134.975",
  "large_airport": "1",
  "medium_airport": "0",
  "small_airport": "0"
 },
 {
  "name": "London Heliport",
  "frequency_mhz": "122.9",
  "large_airport": "0",
  "medium_airport": "0",
  "small_airport": "0"
 },
 {
  "name": "London Luton Airport",
  "frequency_mhz": "120.575",
  "large_airport": "1",
  "medium_airport": "0",
  "small_airport": "0"
 },
 {
  "name": "London Luton Airport",
  "frequency_mhz": "121.75",
  "large_airport": "1",
  "medium_airport": "0",
  "small_airport": "0"
 },
 {
  "name": "London Luton Airport",
  "frequency_mhz": "129.55",
  "large_airport": "1",
  "medium_airport": "0",
  "small_airport": "0"
 },
 {
  "name": "London Luton Airport",
  "frequency_mhz": "132.55",
  "large_airport": "1",
  "medium_airport": "0",
  "small_airport": "0"
 },
 {
  "name": "London Stansted Airport",
  "frequency_mhz": "120.625",
  "large_airport": "1",
  "medium_airport": "0",
  "small_airport": "0"
 },
 {
  "name": "London Stansted Airport",
  "frequency_mhz": "121.725",
  "large_airport": "1",
  "medium_airport": "0",
  "small_airport": "0"
 },
 {
  "name": "London Stansted Airport",
  "frequency_mhz": "121.95",
  "large_airport": "1",
  "medium_airport": "0",
  "small_airport": "0"
 },
 {
  "name": "London Stansted Airport",
  "frequency_mhz": "123.8",
  "large_airport": "1",
  "medium_airport": "0",
  "small_airport": "0"
 },
 {
  "name": "London Stansted Airport",
  "frequency_mhz": "127.175",
  "large_airport": "1",
  "medium_airport": "0",
  "small_airport": "0"
 },
 {
  "name": "London Stansted Airport",
  "frequency_mhz": "136.2",
  "large_airport": "2",
  "medium_airport": "0",
  "small_airport": "0"
 },
 {
  "name": "Long Acres Farm",
  "frequency_mhz": "129.825",
  "large_airport": "0",
  "medium_airport": "0",
  "small_airport": "1"
 },
 {
  "name": "Long Marston Airfield",
  "frequency_mhz": "129.825",
  "large_airport": "0",
  "medium_airport": "0",
  "small_airport": "1"
 },
 {
  "name": "Longside Airfield",
  "frequency_mhz": "130.575",
  "large_airport": "0",
  "medium_airport": "0",
  "small_airport": "1"
 },
 {
  "name": "Lower Upham Farm Airfield",
  "frequency_mhz": "135.475",
  "large_airport": "0",
  "medium_airport": "0",
  "small_airport": "1"
 },
 {
  "name": "Lydd Airport",
  "frequency_mhz": "120.7",
  "large_airport": "0",
  "medium_airport": "1",
  "small_airport": "0"
 },
 {
  "name": "Lydd Airport",
  "frequency_mhz": "128.525",
  "large_airport": "0",
  "medium_airport": "1",
  "small_airport": "0"
 },
 {
  "name": "Lydd Airport",
  "frequency_mhz": "129.225",
  "large_airport": "0",
  "medium_airport": "1",
  "small_airport": "0"
 },
 {
  "name": "Manchester Airport",
  "frequency_mhz": "118.625",
  "large_airport": "1",
  "medium_airport": "0",
  "small_airport": "0"
 },
 {
  "name": "Manchester Airport",
  "frequency_mhz": "119.4",
  "large_airport": "1",
  "medium_airport": "0",
  "small_airport": "0"
 },
 {
  "name": "Manchester Airport",
  "frequency_mhz": "121.7",
  "large_airport": "1",
  "medium_airport": "0",
  "small_airport": "0"
 },
 {
  "name": "Manchester Airport",
  "frequency_mhz": "121.85",
  "large_airport": "1",
  "medium_airport": "0",
  "small_airport": "0"
 },
 {
  "name": "Manchester Airport",
  "frequency_mhz": "128.175",
  "large_airport": "1",
  "medium_airport": "0",
  "small_airport": "0"
 },
 {
  "name": "Manchester Airport",
  "frequency_mhz": "135.0",
  "large_airport": "1",
  "medium_airport": "0",
  "small_airport": "0"
 },
 {
  "name": "Middle Wallop Airfield",
  "frequency_mhz": "118.275",
  "large_airport": "0",
  "medium_airport": "0",
  "small_airport": "2"
 },
 {
  "name": "Middle Wallop Airfield",
  "frequency_mhz": "118.6",
  "large_airport": "0",
  "medium_airport": "0",
  "small_airport": "1"
 },
 {
  "name": "Middle Wallop Airfield",
  "frequency_mhz": "280.62",
  "large_airport": "0",
  "medium_airport": "0",
  "small_airport": "1"
 },
 {
  "name": "Middle Wallop Airfield",
  "frequency_mhz": "357.02",
  "large_airport": "0",
  "medium_airport": "0",
  "small_airport": "1"
 },
 {
  "name": "MoD Boscombe Down Airport",
  "frequency_mhz": "27.572",
  "large_airport": "0",
  "medium_airport": "1",
  "small_airport": "0"
 },
 {
  "name": "MoD Boscombe Down Airport",
  "frequency_mhz": "126.7",
  "large_airport": "0",
  "medium_airport": "1",
  "small_airport": "0"
 },
 {
  "name": "MoD Boscombe Down Airport",
  "frequency_mhz": "130.0",
  "large_airport": "0",
  "medium_airport": "2",
  "small_airport": "0"
 },
 {
  "name": "MoD Boscombe Down Airport",
  "frequency_mhz": "130.75",
  "large_airport": "0",
  "medium_airport": "2",
  "small_airport": "0"
 },
 {
  "name": "Nantclwyd Airstrip",
  "frequency_mhz": "130.38",
  "large_airport": "0",
  "medium_airport": "0",
  "small_airport": "1"
 },
 {
  "name": "Napps Field Airstrip",
  "frequency_mhz": "135.475",
  "large_airport": "0",
  "medium_airport": "0",
  "small_airport": "1"
 },
 {
  "name": "Netheravon Airfield",
  "frequency_mhz": "128.3",
  "large_airport": "0",
  "medium_airport": "0",
  "small_airport": "2"
 },
 {
  "name": "Netherthorpe Airfield",
  "frequency_mhz": "123.275",
  "large_airport": "0",
  "medium_airport": "0",
  "small_airport": "1"
 },
 {
  "name": "Newcastle Airport",
  "frequency_mhz": "111.5",
  "large_airport": "1",
  "medium_airport": "0",
  "small_airport": "0"
 },
 {
  "name": "Newcastle Airport",
  "frequency_mhz": "118.375",
  "large_airport": "1",
  "medium_airport": "0",
  "small_airport": "0"
 },
 {
  "name": "Newcastle Airport",
  "frequency_mhz": "119.7",
  "large_airport": "1",
  "medium_airport": "0",
  "small_airport": "0"
 },
 {
  "name": "Newcastle Airport",
  "frequency_mhz": "121.725",
  "large_airport": "1",
  "medium_airport": "0",
  "small_airport": "0"
 },
 {
  "name": "Newcastle Airport",
  "frequency_mhz": "124.375",
  "large_airport": "1",
  "medium_airport": "0",
  "small_airport": "0"
 },
 {
  "name": "Newquay Cornwall Airport",
  "frequency_mhz": "121.95",
  "large_airport": "0",
  "medium_airport": "1",
  "small_airport": "0"
 },
 {
  "name": "Newquay Cornwall Airport",
  "frequency_mhz": "125.55",
  "large_airport": "0",
  "medium_airport": "1",
  "small_airport": "0"
 },
 {
  "name": "Newquay Cornwall Airport",
  "frequency_mhz": "127.4",
  "large_airport": "0",
  "medium_airport": "1",
  "small_airport": "0"
 },
 {
  "name": "Newquay Cornwall Airport",
  "frequency_mhz": "127.925",
  "large_airport": "0",
  "medium_airport": "1",
  "small_airport": "0"
 },
 {
  "name": "Newquay Cornwall Airport",
  "frequency_mhz": "131.8",
  "large_airport": "0",
  "medium_airport": "1",
  "small_airport": "0"
 },
 {
  "name": "Newquay Cornwall Airport",
  "frequency_mhz": "133.4",
  "large_airport": "0",
  "medium_airport": "1",
  "small_airport": "0"
 },
 {
  "name": "Newquay Cornwall Airport",
  "frequency_mhz": "134.375",
  "large_airport": "0",
  "medium_airport": "1",
  "small_airport": "0"
 },
 {
  "name": "Newton Peveril Airfield",
  "frequency_mhz": "135.475",
  "large_airport": "0",
  "medium_airport": "0",
  "small_airport": "1"
 },
 {
  "name": "Newtownards Airport",
  "frequency_mhz": "128.305",
  "large_airport": "0",
  "medium_airport": "0",
  "small_airport": "1"
 },
 {
  "name": "North Coates",
  "frequency_mhz": "120.15",
  "large_airport": "0",
  "medium_airport": "0",
  "small_airport": "1"
 },
 {
  "name": "North Ronaldsay Airport",
  "frequency_mhz": "118.3",
  "large_airport": "0",
  "medium_airport": "0",
  "small_airport": "1"
 },
 {
  "name": "North Weald Airport",
  "frequency_mhz": "123.525",
  "large_airport": "0",
  "medium_airport": "0",
  "small_airport": "1"
 },
 {
  "name": "Norwich International Airport",
  "frequency_mhz": "119.35",
  "large_airport": "0",
  "medium_airport": "1",
  "small_airport": "0"
 },
 {
  "name": "Norwich International Airport",
  "frequency_mhz": "124.25",
  "large_airport": "0",
  "medium_airport": "1",
  "small_airport": "0"
 },
 {
  "name": "Norwich International Airport",
  "frequency_mhz": "128.325",
  "large_airport": "0",
  "medium_airport": "1",
  "small_airport": "0"
 },
 {
  "name": "Norwich International Airport",
  "frequency_mhz": "128.625",
  "large_airport": "0",
  "medium_airport": "1",
  "small_airport": "0"
 },
 {
  "name": "Nottingham Airport",
  "frequency_mhz": "134.875",
  "large_airport": "0",
  "medium_airport": "1",
  "small_airport": "0"
 },
 {
  "name": "Oaksey Park Airport",
  "frequency_mhz": "122.775",
  "large_airport": "0",
  "medium_airport": "0",
  "small_airport": "1"
 },
 {
  "name": "Oban Airport",
  "frequency_mhz": "118.055",
  "large_airport": "0",
  "medium_airport": "0",
  "small_airport": "1"
 },
 {
  "name": "Old Buckenham Airfield",
  "frequency_mhz": "124.4",
  "large_airport": "0",
  "medium_airport": "0",
  "small_airport": "1"
 },
 {
  "name": "Oxford (Kidlington) Airport",
  "frequency_mhz": "121.95",
  "large_airport": "0",
  "medium_airport": "1",
  "small_airport": "0"
 },
 {
  "name": "Oxford (Kidlington) Airport",
  "frequency_mhz": "124.27",
  "large_airport": "0",
  "medium_airport": "1",
  "small_airport": "0"
 },
 {
  "name": "Oxford (Kidlington) Airport",
  "frequency_mhz": "125.325",
  "large_airport": "0",
  "medium_airport": "1",
  "small_airport": "0"
 },
 {
  "name": "Oxford (Kidlington) Airport",
  "frequency_mhz": "127.75",
  "large_airport": "0",
  "medium_airport": "1",
  "small_airport": "0"
 },
 {
  "name": "Oxford (Kidlington) Airport",
  "frequency_mhz": "133.425",
  "large_airport": "0",
  "medium_airport": "2",
  "small_airport": "0"
 },
 {
  "name": "Oxford (Kidlington) Airport",
  "frequency_mhz": "136.225",
  "large_airport": "0",
  "medium_airport": "1",
  "small_airport": "0"
 },
 {
  "name": "Pembrey Airport",
  "frequency_mhz": "124.4",
  "large_airport": "0",
  "medium_airport": "0",
  "small_airport": "3"
 },
 {
  "name": "Perranporth Airfield",
  "frequency_mhz": "119.75",
  "large_airport": "0",
  "medium_airport": "0",
  "small_airport": "1"
 },
 {
  "name": "Perth/Scone Airport",
  "frequency_mhz": "121.08",
  "large_airport": "0",
  "medium_airport": "0",
  "small_airport": "1"
 },
 {
  "name": "Peterborough Business Airport",
  "frequency_mhz": "129.725",
  "large_airport": "0",
  "medium_airport": "0",
  "small_airport": "1"
 },
 {
  "name": "Peterborough/Sibson Airport",
  "frequency_mhz": "120.325",
  "large_airport": "0",
  "medium_airport": "0",
  "small_airport": "1"
 },
 {
  "name": "Peterborough/Sibson Airport",
  "frequency_mhz": "122.3",
  "large_airport": "0",
  "medium_airport": "0",
  "small_airport": "1"
 },
 {
  "name": "Peterhead Heliport",
  "frequency_mhz": "118.28",
  "large_airport": "0",
  "medium_airport": "0",
  "small_airport": "0"
 },
 {
  "name": "Plaistows Airfield",
  "frequency_mhz": "129.825",
  "large_airport": "0",
  "medium_airport": "0",
  "small_airport": "1"
 },
 {
  "name": "Plockton Airstrip",
  "frequency_mhz": "131.91",
  "large_airport": "0",
  "medium_airport": "0",
  "small_airport": "1"
 },
 {
  "name": "Popham Airfield",
  "frequency_mhz": "129.805",
  "large_airport": "0",
  "medium_airport": "0",
  "small_airport": "1"
 },
 {
  "name": "RAF Abingdon",
  "frequency_mhz": "121.1",
  "large_airport": "0",
  "medium_airport": "0",
  "small_airport": "1"
 },
 {
  "name": "RAF Akrotiri",
  "frequency_mhz": "23.405",
  "large_airport": "1",
  "medium_airport": "0",
  "small_airport": "0"
 },
 {
  "name": "RAF Akrotiri",
  "frequency_mhz": "26.1",
  "large_airport": "1",
  "medium_airport": "0",
  "small_airport": "0"
 },
 {
  "name": "RAF Akrotiri",
  "frequency_mhz": "28.82",
  "large_airport": "1",
  "medium_airport": "0",
  "small_airport": "0"
 },
 {
  "name": "RAF Akrotiri",
  "frequency_mhz": "122.1",
  "large_airport": "3",
  "medium_airport": "0",
  "small_airport": "0"
 },
 {
  "name": "RAF Barkston Heath",
  "frequency_mhz": "28.077",
  "large_airport": "0",
  "medium_airport": "1",
  "small_airport": "0"
 },
 {
  "name": "RAF Barkston Heath",
  "frequency_mhz": "119.375",
  "large_airport": "0",
  "medium_airport": "1",
  "small_airport": "0"
 },
 {
  "name": "RAF Barkston Heath",
  "frequency_mhz": "120.425",
  "large_airport": "0",
  "medium_airport": "1",
  "small_airport": "0"
 },
 {
  "name": "RAF Barkston Heath",
  "frequency_mhz": "124.2",
  "large_airport": "0",
  "medium_airport": "1",
  "small_airport": "0"
 },
 {
  "name": "RAF Barkston Heath",
  "frequency_mhz": "281.225",
  "large_airport": "0",
  "medium_airport": "1",
  "small_airport": "0"
 },
 {
  "name": "RAF Barkston Heath",
  "frequency_mhz": "293.45",
  "large_airport": "0",
  "medium_airport": "1",
  "small_airport": "0"
 },
 {
  "name": "RAF Barkston Heath",
  "frequency_mhz": "355.95",
  "large_airport": "0",
  "medium_airport": "1",
  "small_airport": "0"
 },
 {
  "name": "RAF Barkston Heath",
  "frequency_mhz": "389.45",
  "large_airport": "0",
  "medium_airport": "1",
  "small_airport": "0"
 },
 {
  "name": "RAF Benson",
  "frequency_mhz": "120.9",
  "large_airport": "0",
  "medium_airport": "1",
  "small_airport": "0"
 },
 {
  "name": "RAF Benson",
  "frequency_mhz": "121.8",
  "large_airport": "0",
  "medium_airport": "1",
  "small_airport": "0"
 },
 {
  "name": "RAF Benson",
  "frequency_mhz": "127.15",
  "large_airport": "0",
  "medium_airport": "1",
  "small_airport": "0"
 },
 {
  "name": "RAF Benson",
  "frequency_mhz": "136.45",
  "large_airport": "0",
  "medium_airport": "1",
  "small_airport": "0"
 },
 {
  "name": "RAF Benson",
  "frequency_mhz": "282.525",
  "large_airport": "0",
  "medium_airport": "1",
  "small_airport": "0"
 },
 {
  "name": "RAF Benson",
  "frequency_mhz": "318.1",
  "large_airport": "0",
  "medium_airport": "1",
  "small_airport": "0"
 },
 {
  "name": "RAF Benson",
  "frequency_mhz": "356.125",
  "large_airport": "0",
  "medium_airport": "1",
  "small_airport": "0"
 },
 {
  "name": "RAF Benson",
  "frequency_mhz": "376.65",
  "large_airport": "0",
  "medium_airport": "1",
  "small_airport": "0"
 },
 {
  "name": "RAF Boulmer",
  "frequency_mhz": "123.1",
  "large_airport": "0",
  "medium_airport": "0",
  "small_airport": "0"
 },
 {
  "name": "RAF Brize Norton",
  "frequency_mhz": "119.0",
  "large_airport": "0",
  "medium_airport": "1",
  "small_airport": "0"
 },
 {
  "name": "RAF Brize Norton",
  "frequency_mhz": "121.725",
  "large_airport": "0",
  "medium_airport": "1",
  "small_airport": "0"
 },
 {
  "name": "RAF Brize Norton",
  "frequency_mhz": "123.55",
  "large_airport": "0",
  "medium_airport": "1",
  "small_airport": "0"
 },
 {
  "name": "RAF Brize Norton",
  "frequency_mhz": "123.725",
  "large_airport": "0",
  "medium_airport": "1",
  "small_airport": "0"
 },
 {
  "name": "RAF Brize Norton",
  "frequency_mhz": "124.275",
  "large_airport": "0",
  "medium_airport": "2",
  "small_airport": "0"
 },
 {
  "name": "RAF Brize Norton",
  "frequency_mhz": "126.5",
  "large_airport": "0",
  "medium_airport": "1",
  "small_airport": "0"
 },
 {
  "name": "RAF Brize Norton",
  "frequency_mhz": "127.25",
  "large_airport": "0",
  "medium_airport": "2",
  "small_airport": "0"
 },
 {
  "name": "RAF Brize Norton",
  "frequency_mhz": "133.75",
  "large_airport": "0",
  "medium_airport": "1",
  "small_airport": "0"
 },
 {
  "name": "RAF Brize Norton",
  "frequency_mhz": "135.75",
  "large_airport": "0",
  "medium_airport": "1",
  "small_airport": "0"
 },
 {
  "name": "RAF Coningsby",
  "frequency_mhz": "23.467",
  "large_airport": "0",
  "medium_airport": "1",
  "small_airport": "0"
 },
 {
  "name": "RAF Coningsby",
  "frequency_mhz": "27.777",
  "large_airport": "0",
  "medium_airport": "1",
  "small_airport": "0"
 },
 {
  "name": "RAF Coningsby",
  "frequency_mhz": "120.8",
  "large_airport": "0",
  "medium_airport": "1",
  "small_airport": "0"
 },
 {
  "name": "RAF Coningsby",
  "frequency_mhz": "122.1",
  "large_airport": "0",
  "medium_airport": "1",
  "small_airport": "0"
 },
 {
  "name": "RAF Coningsby",
  "frequency_mhz": "124.675",
  "large_airport": "0",
  "medium_airport": "1",
  "small_airport": "0"
 },
 {
  "name": "RAF Coningsby",
  "frequency_mhz": "279.7",
  "large_airport": "0",
  "medium_airport": "1",
  "small_airport": "0"
 },
 {
  "name": "RAF Coningsby",
  "frequency_mhz": "280.3",
  "large_airport": "0",
  "medium_airport": "1",
  "small_airport": "0"
 },
 {
  "name": "RAF Coningsby",
  "frequency_mhz": "282.72",
  "large_airport": "0",
  "medium_airport": "1",
  "small_airport": "0"
 },
 {
  "name": "RAF Coningsby",
  "frequency_mhz": "376.35",
  "large_airport": "0",
  "medium_airport": "1",
  "small_airport": "0"
 },
 {
  "name": "RAF Cranwell",
  "frequency_mhz": "27.777",
  "large_airport": "0",
  "medium_airport": "1",
  "small_airport": "0"
 },
 {
  "name": "RAF Cranwell",
  "frequency_mhz": "36.92",
  "large_airport": "0",
  "medium_airport": "1",
  "small_airport": "0"
 },
 {
  "name": "RAF Cranwell",
  "frequency_mhz": "119.375",
  "large_airport": "0",
  "medium_airport": "2",
  "small_airport": "0"
 },
 {
  "name": "RAF Cranwell",
  "frequency_mhz": "125.05",
  "large_airport": "0",
  "medium_airport": "1",
  "small_airport": "0"
 },
 {
  "name": "RAF Cranwell",
  "frequency_mhz": "135.675",
  "large_airport": "0",
  "medium_airport": "1",
  "small_airport": "0"
 },
 {
  "name": "RAF Cranwell",
  "frequency_mhz": "233.628",
  "large_airport": "0",
  "medium_airport": "1",
  "small_airport": "0"
 },
 {
  "name": "RAF Cranwell",
  "frequency_mhz": "240.425",
  "large_airport": "0",
  "medium_airport": "1",
  "small_airport": "0"
 },
 {
  "name": "RAF Cranwell",
  "frequency_mhz": "268.625",
  "large_airport": "0",
  "medium_airport": "1",
  "small_airport": "0"
 },
 {
  "name": "RAF Cranwell",
  "frequency_mhz": "275.675",
  "large_airport": "0",
  "medium_airport": "1",
  "small_airport": "0"
 },
 {
  "name": "RAF Cranwell",
  "frequency_mhz": "280.775",
  "large_airport": "0",
  "medium_airport": "1",
  "small_airport": "0"
 },
 {
  "name": "RAF Dishforth",
  "frequency_mhz": "122.1",
  "large_airport": "0",
  "medium_airport": "2",
  "small_airport": "0"
 },
 {
  "name": "RAF Dishforth",
  "frequency_mhz": "125.0",
  "large_airport": "0",
  "medium_airport": "1",
  "small_airport": "0"
 },
 {
  "name": "RAF Dishforth",
  "frequency_mhz": "130.1",
  "large_airport": "0",
  "medium_airport": "1",
  "small_airport": "0"
 },
 {
  "name": "RAF Dishforth",
  "frequency_mhz": "242.25",
  "large_airport": "0",
  "medium_airport": "1",
  "small_airport": "0"
 },
 {
  "name": "RAF Dishforth",
  "frequency_mhz": "278.225",
  "large_airport": "0",
  "medium_airport": "1",
  "small_airport": "0"
 },
 {
  "name": "RAF Dishforth",
  "frequency_mhz": "371.97",
  "large_airport": "0",
  "medium_airport": "1",
  "small_airport": "0"
 },
 {
  "name": "RAF Fairford",
  "frequency_mhz": "25.775",
  "large_airport": "0",
  "medium_airport": "1",
  "small_airport": "0"
 },
 {
  "name": "RAF Fairford",
  "frequency_mhz": "119.0",
  "large_airport": "0",
  "medium_airport": "1",
  "small_airport": "0"
 },
 {
  "name": "RAF Fairford",
  "frequency_mhz": "119.15",
  "large_airport": "0",
  "medium_airport": "1",
  "small_airport": "0"
 },
 {
  "name": "RAF Fairford",
  "frequency_mhz": "124.275",
  "large_airport": "0",
  "medium_airport": "1",
  "small_airport": "0"
 },
 {
  "name": "RAF Fairford",
  "frequency_mhz": "133.75",
  "large_airport": "0",
  "medium_airport": "1",
  "small_airport": "0"
 },
 {
  "name": "RAF Fairford",
  "frequency_mhz": "233.47",
  "large_airport": "0",
  "medium_airport": "1",
  "small_airport": "0"
 },
 {
  "name": "RAF Fairford",
  "frequency_mhz": "234.25",
  "large_airport": "0",
  "medium_airport": "1",
  "small_airport": "0"
 },
 {
  "name": "RAF Fairford",
  "frequency_mhz": "338.22",
  "large_airport": "0",
  "medium_airport": "1",
  "small_airport": "0"
 },
 {
  "name": "RAF Halton",
  "frequency_mhz": "130.425",
  "large_airport": "0",
  "medium_airport": "0",
  "small_airport": "1"
 },
 {
  "name": "RAF Henlow",
  "frequency_mhz": "121.1",
  "large_airport": "0",
  "medium_airport": "0",
  "small_airport": "1"
 },
 {
  "name": "RAF Honington",
  "frequency_mhz": "122.1",
  "large_airport": "0",
  "medium_airport": "1",
  "small_airport": "0"
 },
 {
  "name": "RAF Honington",
  "frequency_mhz": "123.3",
  "large_airport": "0",
  "medium_airport": "1",
  "small_airport": "0"
 },
 {
  "name": "RAF Honington",
  "frequency_mhz": "128.9",
  "large_airport": "0",
  "medium_airport": "1",
  "small_airport": "0"
 },
 {
  "name": "RAF Honington",
  "frequency_mhz": "278.62",
  "large_airport": "0",
  "medium_airport": "1",
  "small_airport": "0"
 },
 {
  "name": "RAF Kinloss",
  "frequency_mhz": "27.897",
  "large_airport": "0",
  "medium_airport": "1",
  "small_airport": "0"
 },
 {
  "name": "RAF Kinloss",
  "frequency_mhz": "38.94",
  "large_airport": "0",
  "medium_airport": "1",
  "small_airport": "0"
 },
 {
  "name": "RAF Kinloss",
  "frequency_mhz": "119.35",
  "large_airport": "0",
  "medium_airport": "1",
  "small_airport": "0"
 },
 {
  "name": "RAF Kinloss",
  "frequency_mhz": "122.1",
  "large_airport": "0",
  "medium_airport": "1",
  "small_airport": "0"
 },
 {
  "name": "RAF Kinloss",
  "frequency_mhz": "123.3",
  "large_airport": "0",
  "medium_airport": "1",
  "small_airport": "0"
 },
 {
  "name": "RAF Lakenheath",
  "frequency_mhz": "24.447",
  "large_airport": "0",
  "medium_airport": "1",
  "small_airport": "0"
 },
 {
  "name": "RAF Lakenheath",
  "frequency_mhz": "25.03",
  "large_airport": "0",
  "medium_airport": "1",
  "small_airport": "0"
 },
 {
  "name": "RAF Lakenheath",
  "frequency_mhz": "27.777",
  "large_airport": "0",
  "medium_airport": "1",
  "small_airport": "0"
 },
 {
  "name": "RAF Lakenheath",
  "frequency_mhz": "28.442",
  "large_airport": "0",
  "medium_airport": "1",
  "small_airport": "0"
 },
 {
  "name": "RAF Lakenheath",
  "frequency_mhz": "35.672",
  "large_airport": "0",
  "medium_airport": "1",
  "small_airport": "0"
 },
 {
  "name": "RAF Lakenheath",
  "frequency_mhz": "37.98",
  "large_airport": "0",
  "medium_airport": "1",
  "small_airport": "0"
 },
 {
  "name": "RAF Lakenheath",
  "frequency_mhz": "122.1",
  "large_airport": "0",
  "medium_airport": "1",
  "small_airport": "0"
 },
 {
  "name": "RAF Lakenheath",
  "frequency_mhz": "128.9",
  "large_airport": "0",
  "medium_airport": "1",
  "small_airport": "0"
 },
 {
  "name": "RAF Lakenheath",
  "frequency_mhz": "136.5",
  "large_airport": "0",
  "medium_airport": "1",
  "small_airport": "0"
 },
 {
  "name": "RAF Lakenheath",
  "frequency_mhz": "142.82",
  "large_airport": "0",
  "medium_airport": "1",
  "small_airport": "0"
 },
 {
  "name": "RAF Lakenheath",
  "frequency_mhz": "338.92",
  "large_airport": "0",
  "medium_airport": "1",
  "small_airport": "0"
 },
 {
  "name": "RAF Lakenheath",
  "frequency_mhz": "375.45",
  "large_airport": "0",
  "medium_airport": "1",
  "small_airport": "0"
 },
 {
  "name": "RAF Leeming Air Base",
  "frequency_mhz": "120.5",
  "large_airport": "0",
  "medium_airport": "1",
  "small_airport": "0"
 },
 {
  "name": "RAF Leeming Air Base",
  "frequency_mhz": "123.3",
  "large_airport": "0",
  "medium_airport": "1",
  "small_airport": "0"
 },
 {
  "name": "RAF Leeming Air Base",
  "frequency_mhz": "127.75",
  "large_airport": "0",
  "medium_airport": "2",
  "small_airport": "0"
 },
 {
  "name": "RAF Leeming Air Base",
  "frequency_mhz": "259.025",
  "large_airport": "0",
  "medium_airport": "1",
  "small_airport": "0"
 },
 {
  "name": "RAF Leeming Air Base",
  "frequency_mhz": "368.92",
  "large_airport": "0",
  "medium_airport": "1",
  "small_airport": "0"
 },
 {
  "name": "RAF Leeming Air Base",
  "frequency_mhz": "369.475",
  "large_airport": "0",
  "medium_airport": "1",
  "small_airport": "0"
 },
 {
  "name": "RAF Leeming Air Base",
  "frequency_mhz": "379.9",
  "large_airport": "0",
  "medium_airport": "1",
  "small_airport": "0"
 },
 {
  "name": "RAF Leeming Air Base",
  "frequency_mhz": "386.57",
  "large_airport": "0",
  "medium_airport": "1",
  "small_airport": "0"
 },
 {
  "name": "RAF Linton-On-Ouse",
  "frequency_mhz": "118.55",
  "large_airport": "0",
  "medium_airport": "3",
  "small_airport": "0"
 },
 {
  "name": "RAF Linton-On-Ouse",
  "frequency_mhz": "122.1",
  "large_airport": "0",
  "medium_airport": "2",
  "small_airport": "0"
 },
 {
  "name": "RAF Linton-On-Ouse",
  "frequency_mhz": "235.2",
  "large_airport": "0",
  "medium_airport": "1",
  "small_airport": "0"
 },
 {
  "name": "RAF Linton-On-Ouse",
  "frequency_mhz": "240.82",
  "large_airport": "0",
  "medium_airport": "1",
  "small_airport": "0"
 },
 {
  "name": "RAF Linton-On-Ouse",
  "frequency_mhz": "275.85",
  "large_airport": "0",
  "medium_airport": "1",
  "small_airport": "0"
 },
 {
  "name": "RAF Linton-On-Ouse",
  "frequency_mhz": "278.32",
  "large_airport": "0",
  "medium_airport": "1",
  "small_airport": "0"
 },
 {
  "name": "RAF Linton-On-Ouse",
  "frequency_mhz": "283.725",
  "large_airport": "0",
  "medium_airport": "1",
  "small_airport": "0"
 },
 {
  "name": "RAF Linton-On-Ouse",
  "frequency_mhz": "372.12",
  "large_airport": "0",
  "medium_airport": "1",
  "small_airport": "0"
 },
 {
  "name": "RAF Lossiemouth",
  "frequency_mhz": "26.477",
  "large_airport": "0",
  "medium_airport": "1",
  "small_airport": "0"
 },
 {
  "name": "RAF Lossiemouth",
  "frequency_mhz": "36.93",
  "large_airport": "0",
  "medium_airport": "1",
  "small_airport": "0"
 },
 {
  "name": "RAF Lossiemouth",
  "frequency_mhz": "118.2",
  "large_airport": "0",
  "medium_airport": "2",
  "small_airport": "0"
 },
 {
  "name": "RAF Lossiemouth",
  "frequency_mhz": "118.9",
  "large_airport": "0",
  "medium_airport": "1",
  "small_airport": "0"
 },
 {
  "name": "RAF Lossiemouth",
  "frequency_mhz": "119.35",
  "large_airport": "0",
  "medium_airport": "1",
  "small_airport": "0"
 },
 {
  "name": "RAF Lossiemouth",
  "frequency_mhz": "123.3",
  "large_airport": "0",
  "medium_airport": "2",
  "small_airport": "0"
 },
 {
  "name": "RAF Marham",
  "frequency_mhz": "122.1",
  "large_airport": "0",
  "medium_airport": "1",
  "small_airport": "0"
 },
 {
  "name": "RAF Marham",
  "frequency_mhz": "124.15",
  "large_airport": "0",
  "medium_airport": "2",
  "small_airport": "0"
 },
 {
  "name": "RAF Marham",
  "frequency_mhz": "233.075",
  "large_airport": "0",
  "medium_airport": "1",
  "small_airport": "0"
 },
 {
  "name": "RAF Marham",
  "frequency_mhz": "277.225",
  "large_airport": "0",
  "medium_airport": "1",
  "small_airport": "0"
 },
 {
  "name": "RAF Marham",
  "frequency_mhz": "281.15",
  "large_airport": "0",
  "medium_airport": "1",
  "small_airport": "0"
 },
 {
  "name": "RAF Marham",
  "frequency_mhz": "284.0",
  "large_airport": "0",
  "medium_airport": "1",
  "small_airport": "0"
 },
 {
  "name": "RAF Marham",
  "frequency_mhz": "377.475",
  "large_airport": "0",
  "medium_airport": "1",
  "small_airport": "0"
 },
 {
  "name": "RAF Marham",
  "frequency_mhz": "389.4",
  "large_airport": "0",
  "medium_airport": "1",
  "small_airport": "0"
 },
 {
  "name": "RAF Mildenhall",
  "frequency_mhz": "25.03",
  "large_airport": "0",
  "medium_airport": "1",
  "small_airport": "0"
 },
 {
  "name": "RAF Mildenhall",
  "frequency_mhz": "27.777",
  "large_airport": "0",
  "medium_airport": "1",
  "small_airport": "0"
 },
 {
  "name": "RAF Mildenhall",
  "frequency_mhz": "28.442",
  "large_airport": "0",
  "medium_airport": "1",
  "small_airport": "0"
 },
 {
  "name": "RAF Mildenhall",
  "frequency_mhz": "31.355",
  "large_airport": "0",
  "medium_airport": "1",
  "small_airport": "0"
 },
 {
  "name": "RAF Mildenhall",
  "frequency_mhz": "37.55",
  "large_airport": "0",
  "medium_airport": "1",
  "small_airport": "0"
 },
 {
  "name": "RAF Mildenhall",
  "frequency_mhz": "121.675",
  "large_airport": "0",
  "medium_airport": "1",
  "small_airport": "0"
 },
 {
  "name": "RAF Mildenhall",
  "frequency_mhz": "122.55",
  "large_airport": "0",
  "medium_airport": "1",
  "small_airport": "0"
 },
 {
  "name": "RAF Mildenhall",
  "frequency_mhz": "131.975",
  "large_airport": "0",
  "medium_airport": "2",
  "small_airport": "0"
 },
 {
  "name": "RAF Mildenhall",
  "frequency_mhz": "136.5",
  "large_airport": "0",
  "medium_airport": "1",
  "small_airport": "0"
 },
 {
  "name": "RAF Mona",
  "frequency_mhz": "118.95",
  "large_airport": "0",
  "medium_airport": "0",
  "small_airport": "1"
 },
 {
  "name": "RAF Mona",
  "frequency_mhz": "119.75",
  "large_airport": "0",
  "medium_airport": "0",
  "small_airport": "1"
 },
 {
  "name": "RAF Mona",
  "frequency_mhz": "122.225",
  "large_airport": "0",
  "medium_airport": "0",
  "small_airport": "1"
 },
 {
  "name": "RAF Mona",
  "frequency_mhz": "125.225",
  "large_airport": "0",
  "medium_airport": "0",
  "small_airport": "1"
 },
 {
  "name": "RAF Northolt",
  "frequency_mhz": "120.325",
  "large_airport": "0",
  "medium_airport": "1",
  "small_airport": "0"
 },
 {
  "name": "RAF Northolt",
  "frequency_mhz": "120.675",
  "large_airport": "0",
  "medium_airport": "1",
  "small_airport": "0"
 },
 {
  "name": "RAF Northolt",
  "frequency_mhz": "121.575",
  "large_airport": "0",
  "medium_airport": "1",
  "small_airport": "0"
 },
 {
  "name": "RAF Northolt",
  "frequency_mhz": "125.125",
  "large_airport": "0",
  "medium_airport": "1",
  "small_airport": "0"
 },
 {
  "name": "RAF Northolt",
  "frequency_mhz": "125.875",
  "large_airport": "0",
  "medium_airport": "1",
  "small_airport": "0"
 },
 {
  "name": "RAF Northolt",
  "frequency_mhz": "126.45",
  "large_airport": "0",
  "medium_airport": "1",
  "small_airport": "0"
 },
 {
  "name": "RAF Northolt",
  "frequency_mhz": "129.125",
  "large_airport": "0",
  "medium_airport": "1",
  "small_airport": "0"
 },
 {
  "name": "RAF Northolt",
  "frequency_mhz": "130.35",
  "large_airport": "0",
  "medium_airport": "1",
  "small_airport": "0"
 },
 {
  "name": "RAF Northolt",
  "frequency_mhz": "132.65",
  "large_airport": "0",
  "medium_airport": "1",
  "small_airport": "0"
 },
 {
  "name": "RAF Northolt",
  "frequency_mhz": "281.175",
  "large_airport": "0",
  "medium_airport": "1",
  "small_airport": "0"
 },
 {
  "name": "RAF Northolt",
  "frequency_mhz": "300.35",
  "large_airport": "0",
  "medium_airport": "1",
  "small_airport": "0"
 },
 {
  "name": "RAF Odiham",
  "frequency_mhz": "24.102",
  "large_airport": "0",
  "medium_airport": "1",
  "small_airport": "0"
 },
 {
  "name": "RAF Odiham",
  "frequency_mhz": "122.1",
  "large_airport": "0",
  "medium_airport": "2",
  "small_airport": "0"
 },
 {
  "name": "RAF Odiham",
  "frequency_mhz": "123.3",
  "large_airport": "0",
  "medium_airport": "1",
  "small_airport": "0"
 },
 {
  "name": "RAF Odiham",
  "frequency_mhz": "125.25",
  "large_airport": "0",
  "medium_airport": "1",
  "small_airport": "0"
 },
 {
  "name": "RAF Odiham",
  "frequency_mhz": "131.3",
  "large_airport": "0",
  "medium_airport": "1",
  "small_airport": "0"
 },
 {
  "name": "RAF Odiham",
  "frequency_mhz": "234.35",
  "large_airport": "0",
  "medium_airport": "1",
  "small_airport": "0"
 },
 {
  "name": "RAF Odiham",
  "frequency_mhz": "257.8",
  "large_airport": "0",
  "medium_airport": "1",
  "small_airport": "0"
 },
 {
  "name": "RAF Odiham",
  "frequency_mhz": "258.72",
  "large_airport": "0",
  "medium_airport": "1",
  "small_airport": "0"
 },
 {
  "name": "RAF Odiham",
  "frequency_mhz": "278.22",
  "large_airport": "0",
  "medium_airport": "1",
  "small_airport": "0"
 },
 {
  "name": "RAF Odiham",
  "frequency_mhz": "379.37",
  "large_airport": "0",
  "medium_airport": "1",
  "small_airport": "0"
 },
 {
  "name": "RAF Odiham",
  "frequency_mhz": "385.4",
  "large_airport": "0",
  "medium_airport": "1",
  "small_airport": "0"
 },
 {
  "name": "RAF Odiham",
  "frequency_mhz": "386.77",
  "large_airport": "0",
  "medium_airport": "1",
  "small_airport": "0"
 },
 {
  "name": "RAF Scampton",
  "frequency_mhz": "29.997",
  "large_airport": "0",
  "medium_airport": "1",
  "small_airport": "0"
 },
 {
  "name": "RAF Scampton",
  "frequency_mhz": "241.425",
  "large_airport": "0",
  "medium_airport": "1",
  "small_airport": "0"
 },
 {
  "name": "RAF Scampton",
  "frequency_mhz": "241.825",
  "large_airport": "0",
  "medium_airport": "1",
  "small_airport": "0"
 },
 {
  "name": "RAF Scampton",
  "frequency_mhz": "250.85",
  "large_airport": "0",
  "medium_airport": "1",
  "small_airport": "0"
 },
 {
  "name": "RAF Scampton",
  "frequency_mhz": "278.5",
  "large_airport": "0",
  "medium_airport": "1",
  "small_airport": "0"
 },
 {
  "name": "RAF Scampton",
  "frequency_mhz": "281.32",
  "large_airport": "0",
  "medium_airport": "1",
  "small_airport": "0"
 },
 {
  "name": "RAF Scampton",
  "frequency_mhz": "308.625",
  "large_airport": "0",
  "medium_airport": "1",
  "small_airport": "0"
 },
 {
  "name": "RAF Scampton",
  "frequency_mhz": "377.075",
  "large_airport": "0",
  "medium_airport": "1",
  "small_airport": "0"
 },
 {
  "name": "RAF Shawbury",
  "frequency_mhz": "28.427",
  "large_airport": "0",
  "medium_airport": "1",
  "small_airport": "0"
 },
 {
  "name": "RAF Shawbury",
  "frequency_mhz": "36.912",
  "large_airport": "0",
  "medium_airport": "1",
  "small_airport": "0"
 },
 {
  "name": "RAF Shawbury",
  "frequency_mhz": "38.945",
  "large_airport": "0",
  "medium_airport": "1",
  "small_airport": "0"
 },
 {
  "name": "RAF Shawbury",
  "frequency_mhz": "120.775",
  "large_airport": "0",
  "medium_airport": "1",
  "small_airport": "0"
 },
 {
  "name": "RAF Shawbury",
  "frequency_mhz": "122.1",
  "large_airport": "0",
  "medium_airport": "1",
  "small_airport": "0"
 },
 {
  "name": "RAF Shawbury",
  "frequency_mhz": "123.3",
  "large_airport": "0",
  "medium_airport": "1",
  "small_airport": "0"
 },
 {
  "name": "RAF Shawbury",
  "frequency_mhz": "126.5",
  "large_airport": "0",
  "medium_airport": "1",
  "small_airport": "0"
 },
 {
  "name": "RAF Syerston",
  "frequency_mhz": "125.425",
  "large_airport": "0",
  "medium_airport": "0",
  "small_airport": "1"
 },
 {
  "name": "RAF Ternhill",
  "frequency_mhz": "27.902",
  "large_airport": "0",
  "medium_airport": "0",
  "small_airport": "1"
 },
 {
  "name": "RAF Ternhill",
  "frequency_mhz": "28.2",
  "large_airport": "0",
  "medium_airport": "0",
  "small_airport": "1"
 },
 {
  "name": "RAF Ternhill",
  "frequency_mhz": "122.1",
  "large_airport": "0",
  "medium_airport": "0",
  "small_airport": "1"
 },
 {
  "name": "RAF Topcliffe",
  "frequency_mhz": "122.1",
  "large_airport": "0",
  "medium_airport": "1",
  "small_airport": "0"
 },
 {
  "name": "RAF Topcliffe",
  "frequency_mhz": "125.0",
  "large_airport": "0",
  "medium_airport": "1",
  "small_airport": "0"
 },
 {
  "name": "RAF Topcliffe",
  "frequency_mhz": "241.875",
  "large_airport": "0",
  "medium_airport": "1",
  "small_airport": "0"
 },
 {
  "name": "RAF Topcliffe",
  "frequency_mhz": "255.6",
  "large_airport": "0",
  "medium_airport": "1",
  "small_airport": "0"
 },
 {
  "name": "RAF Topcliffe",
  "frequency_mhz": "293.775",
  "large_airport": "0",
  "medium_airport": "1",
  "small_airport": "0"
 },
 {
  "name": "RAF Topcliffe",
  "frequency_mhz": "379.75",
  "large_airport": "0",
  "medium_airport": "1",
  "small_airport": "0"
 },
 {
  "name": "RAF Waddington",
  "frequency_mhz": "27.777",
  "large_airport": "0",
  "medium_airport": "1",
  "small_airport": "0"
 },
 {
  "name": "RAF Waddington",
  "frequency_mhz": "29.167",
  "large_airport": "0",
  "medium_airport": "1",
  "small_airport": "0"
 },
 {
  "name": "RAF Waddington",
  "frequency_mhz": "123.3",
  "large_airport": "0",
  "medium_airport": "1",
  "small_airport": "0"
 },
 {
  "name": "RAF Waddington",
  "frequency_mhz": "127.35",
  "large_airport": "0",
  "medium_airport": "1",
  "small_airport": "0"
 },
 {
  "name": "RAF Waddington",
  "frequency_mhz": "250.85",
  "large_airport": "0",
  "medium_airport": "1",
  "small_airport": "0"
 },
 {
  "name": "RAF Waddington",
  "frequency_mhz": "256.67",
  "large_airport": "0",
  "medium_airport": "1",
  "small_airport": "0"
 },
 {
  "name": "RAF Waddington",
  "frequency_mhz": "342.12",
  "large_airport": "0",
  "medium_airport": "1",
  "small_airport": "0"
 },
 {
  "name": "RAF Waddington",
  "frequency_mhz": "386.625",
  "large_airport": "0",
  "medium_airport": "1",
  "small_airport": "0"
 },
 {
  "name": "RAF Wittering",
  "frequency_mhz": "29.997",
  "large_airport": "0",
  "medium_airport": "1",
  "small_airport": "0"
 },
 {
  "name": "RAF Wittering",
  "frequency_mhz": "125.525",
  "large_airport": "0",
  "medium_airport": "2",
  "small_airport": "0"
 },
 {
  "name": "RAF Wittering",
  "frequency_mhz": "130.2",
  "large_airport": "0",
  "medium_airport": "1",
  "small_airport": "0"
 },
 {
  "name": "RAF Wittering",
  "frequency_mhz": "242.47",
  "large_airport": "0",
  "medium_airport": "1",
  "small_airport": "0"
 },
 {
  "name": "RAF Wittering",
  "frequency_mhz": "278.45",
  "large_airport": "0",
  "medium_airport": "1",
  "small_airport": "0"
 },
 {
  "name": "RAF Wittering",
  "frequency_mhz": "369.22",
  "large_airport": "0",
  "medium_airport": "1",
  "small_airport": "0"
 },
 {
  "name": "RAF Wittering",
  "frequency_mhz": "372.22",
  "large_airport": "0",
  "medium_airport": "1",
  "small_airport": "0"
 },
 {
  "name": "RAF Woodvale",
  "frequency_mhz": "119.75",
  "large_airport": "0",
  "medium_airport": "0",
  "small_airport": "1"
 },
 {
  "name": "RAF Woodvale",
  "frequency_mhz": "121.0",
  "large_airport": "0",
  "medium_airport": "0",
  "small_airport": "2"
 },
 {
  "name": "RAF Woodvale",
  "frequency_mhz": "278.2",
  "large_airport": "0",
  "medium_airport": "0",
  "small_airport": "1"
 },
 {
  "name": "RAF Woodvale",
  "frequency_mhz": "282.57",
  "large_airport": "0",
  "medium_airport": "0",
  "small_airport": "1"
 },
 {
  "name": "RAF Wyton",
  "frequency_mhz": "119.975",
  "large_airport": "0",
  "medium_airport": "1",
  "small_airport": "0"
 },
 {
  "name": "RAF Wyton",
  "frequency_mhz": "122.1",
  "large_airport": "0",
  "medium_airport": "1",
  "small_airport": "0"
 },
 {
  "name": "RAF Wyton",
  "frequency_mhz": "126.85",
  "large_airport": "0",
  "medium_airport": "1",
  "small_airport": "0"
 },
 {
  "name": "RAF Wyton",
  "frequency_mhz": "134.05",
  "large_airport": "0",
  "medium_airport": "1",
  "small_airport": "0"
 },
 {
  "name": "RAF Wyton",
  "frequency_mhz": "278.35",
  "large_airport": "0",
  "medium_airport": "1",
  "small_airport": "0"
 },
 {
  "name": "RAF Wyton",
  "frequency_mhz": "279.15",
  "large_airport": "0",
  "medium_airport": "1",
  "small_airport": "0"
 },
 {
  "name": "RAF Wyton",
  "frequency_mhz": "369.52",
  "large_airport": "0",
  "medium_airport": "1",
  "small_airport": "0"
 },
 {
  "name": "RNAS Culdrose",
  "frequency_mhz": "23.185",
  "large_airport": "0",
  "medium_airport": "1",
  "small_airport": "0"
 },
 {
  "name": "RNAS Culdrose",
  "frequency_mhz": "122.1",
  "large_airport": "0",
  "medium_airport": "2",
  "small_airport": "0"
 },
 {
  "name": "RNAS Culdrose",
  "frequency_mhz": "134.05",
  "large_airport": "0",
  "medium_airport": "1",
  "small_airport": "0"
 },
 {
  "name": "RNAS Culdrose",
  "frequency_mhz": "572.5",
  "large_airport": "0",
  "medium_airport": "1",
  "small_airport": "0"
 },
 {
  "name": "RNAS Predannack Air Base",
  "frequency_mhz": "122.1",
  "large_airport": "0",
  "medium_airport": "0",
  "small_airport": "1"
 },
 {
  "name": "RNAS Predannack Air Base",
  "frequency_mhz": "134.05",
  "large_airport": "0",
  "medium_airport": "0",
  "small_airport": "1"
 },
 {
  "name": "RNAS Yeovilton",
  "frequency_mhz": "26.862",
  "large_airport": "0",
  "medium_airport": "1",
  "small_airport": "0"
 },
 {
  "name": "RNAS Yeovilton",
  "frequency_mhz": "28.392",
  "large_airport": "0",
  "medium_airport": "1",
  "small_airport": "0"
 },
 {
  "name": "RNAS Yeovilton",
  "frequency_mhz": "122.1",
  "large_airport": "0",
  "medium_airport": "1",
  "small_airport": "0"
 },
 {
  "name": "RNAS Yeovilton",
  "frequency_mhz": "127.35",
  "large_airport": "0",
  "medium_airport": "1",
  "small_airport": "0"
 },
 {
  "name": "RNAS Yeovilton",
  "frequency_mhz": "673.6",
  "large_airport": "0",
  "medium_airport": "1",
  "small_airport": "0"
 },
 {
  "name": "Redhill Aerodrome",
  "frequency_mhz": "119.6",
  "large_airport": "0",
  "medium_airport": "0",
  "small_airport": "1"
 },
 {
  "name": "Retford Gamston Airport",
  "frequency_mhz": "130.475",
  "large_airport": "0",
  "medium_airport": "0",
  "small_airport": "1"
 },
 {
  "name": "Robin Hood Doncaster Sheffield Airport",
  "frequency_mhz": "110.95",
  "large_airport": "1",
  "medium_airport": "0",
  "small_airport": "0"
 },
 {
  "name": "Robin Hood Doncaster Sheffield Airport",
  "frequency_mhz": "121.6",
  "large_airport": "1",
  "medium_airport": "0",
  "small_airport": "0"
 },
 {
  "name": "Robin Hood Doncaster Sheffield Airport",
  "frequency_mhz": "126.225",
  "large_airport": "2",
  "medium_airport": "0",
  "small_airport": "0"
 },
 {
  "name": "Robin Hood Doncaster Sheffield Airport",
  "frequency_mhz": "128.775",
  "large_airport": "1",
  "medium_airport": "0",
  "small_airport": "0"
 },
 {
  "name": "Robin Hood Doncaster Sheffield Airport",
  "frequency_mhz": "134.95",
  "large_airport": "1",
  "medium_airport": "0",
  "small_airport": "0"
 },
 {
  "name": "Rochester Airport",
  "frequency_mhz": "122.255",
  "large_airport": "0",
  "medium_airport": "0",
  "small_airport": "1"
 },
 {
  "name": "Rougham Airfield / RAF Bury St Edmunds",
  "frequency_mhz": "123.165",
  "large_airport": "0",
  "medium_airport": "0",
  "small_airport": "1"
 },
 {
  "name": "Royal Marines Base Chivenor Airport",
  "frequency_mhz": "130.2",
  "large_airport": "0",
  "medium_airport": "1",
  "small_airport": "0"
 },
 {
  "name": "Rufforth East",
  "frequency_mhz": "135.475",
  "large_airport": "0",
  "medium_airport": "0",
  "small_airport": "1"
 },
 {
  "name": "Rufforth West",
  "frequency_mhz": "129.975",
  "large_airport": "0",
  "medium_airport": "0",
  "small_airport": "1"
 },
 {
  "name": "Sandtoft Airfield",
  "frequency_mhz": "130.425",
  "large_airport": "0",
  "medium_airport": "0",
  "small_airport": "1"
 },
 {
  "name": "Scatsta Airport",
  "frequency_mhz": "123.6",
  "large_airport": "0",
  "medium_airport": "2",
  "small_airport": "0"
 },
 {
  "name": "Seething Airfield",
  "frequency_mhz": "122.6",
  "large_airport": "0",
  "medium_airport": "0",
  "small_airport": "1"
 },
 {
  "name": "Sherburn-In-Elmet Airfield",
  "frequency_mhz": "126.5",
  "large_airport": "0",
  "medium_airport": "0",
  "small_airport": "1"
 },
 {
  "name": "Sherburn-In-Elmet Airfield",
  "frequency_mhz": "126.6",
  "large_airport": "0",
  "medium_airport": "0",
  "small_airport": "1"
 },
 {
  "name": "Shobdon Aerodrome",
  "frequency_mhz": "123.5",
  "large_airport": "0",
  "medium_airport": "0",
  "small_airport": "2"
 },
 {
  "name": "Shoreham Airport",
  "frequency_mhz": "123.155",
  "large_airport": "0",
  "medium_airport": "2",
  "small_airport": "0"
 },
 {
  "name": "Shoreham Airport",
  "frequency_mhz": "125.405",
  "large_airport": "0",
  "medium_airport": "1",
  "small_airport": "0"
 },
 {
  "name": "Shoreham Airport",
  "frequency_mhz": "130.975",
  "large_airport": "0",
  "medium_airport": "1",
  "small_airport": "0"
 },
 {
  "name": "Silverstone Heliport",
  "frequency_mhz": "121.075",
  "large_airport": "0",
  "medium_airport": "0",
  "small_airport": "0"
 },
 {
  "name": "Skegness (Ingoldmells) Aerodrome",
  "frequency_mhz": "132.425",
  "large_airport": "0",
  "medium_airport": "0",
  "small_airport": "1"
 },
 {
  "name": "Sleap Airport",
  "frequency_mhz": "122.45",
  "large_airport": "0",
  "medium_airport": "0",
  "small_airport": "1"
 },
 {
  "name": "Southampton Airport",
  "frequency_mhz": "113.35",
  "large_airport": "1",
  "medium_airport": "0",
  "small_airport": "0"
 },
 {
  "name": "Southampton Airport",
  "frequency_mhz": "118.2",
  "large_airport": "1",
  "medium_airport": "0",
  "small_airport": "0"
 },
 {
  "name": "Southampton Airport",
  "frequency_mhz": "121.775",
  "large_airport": "1",
  "medium_airport": "0",
  "small_airport": "0"
 },
 {
  "name": "Southampton Airport",
  "frequency_mhz": "128.85",
  "large_airport": "1",
  "medium_airport": "0",
  "small_airport": "0"
 },
 {
  "name": "Southampton Airport",
  "frequency_mhz": "130.65",
  "large_airport": "1",
  "medium_airport": "0",
  "small_airport": "0"
 },
 {
  "name": "Southend Airport",
  "frequency_mhz": "121.8",
  "large_airport": "0",
  "medium_airport": "1",
  "small_airport": "0"
 },
 {
  "name": "Southend Airport",
  "frequency_mhz": "127.725",
  "large_airport": "0",
  "medium_airport": "1",
  "small_airport": "0"
 },
 {
  "name": "Southend Airport",
  "frequency_mhz": "130.775",
  "large_airport": "0",
  "medium_airport": "2",
  "small_airport": "0"
 },
 {
  "name": "St. Athan Airport",
  "frequency_mhz": "24.112",
  "large_airport": "0",
  "medium_airport": "1",
  "small_airport": "0"
 },
 {
  "name": "St. Athan Airport",
  "frequency_mhz": "34.045",
  "large_airport": "0",
  "medium_airport": "1",
  "small_airport": "0"
 },
 {
  "name": "St. Athan Airport",
  "frequency_mhz": "118.125",
  "large_airport": "0",
  "medium_airport": "1",
  "small_airport": "0"
 },
 {
  "name": "St. Athan Airport",
  "frequency_mhz": "126.625",
  "large_airport": "0",
  "medium_airport": "1",
  "small_airport": "0"
 },
 {
  "name": "St. Athan Airport",
  "frequency_mhz": "132.475",
  "large_airport": "0",
  "medium_airport": "1",
  "small_airport": "0"
 },
 {
  "name": "St. Mary's Airport",
  "frequency_mhz": "123.15",
  "large_airport": "0",
  "medium_airport": "0",
  "small_airport": "2"
 },
 {
  "name": "Stapleford Aerodrome",
  "frequency_mhz": "122.8",
  "large_airport": "0",
  "medium_airport": "0",
  "small_airport": "1"
 },
 {
  "name": "Stoke Golding Airfield",
  "frequency_mhz": "129.825",
  "large_airport": "0",
  "medium_airport": "0",
  "small_airport": "1"
 },
 {
  "name": "Stornoway Airport",
  "frequency_mhz": "115.1",
  "large_airport": "0",
  "medium_airport": "1",
  "small_airport": "0"
 },
 {
  "name": "Stornoway Airport",
  "frequency_mhz": "119.48",
  "large_airport": "0",
  "medium_airport": "3",
  "small_airport": "0"
 },
 {
  "name": "Strathaven Airfield",
  "frequency_mhz": "135.475",
  "large_airport": "0",
  "medium_airport": "0",
  "small_airport": "1"
 },
 {
  "name": "Sturgate Airfield",
  "frequency_mhz": "130.3",
  "large_airport": "0",
  "medium_airport": "0",
  "small_airport": "1"
 },
 {
  "name": "Sumburgh Airport",
  "frequency_mhz": "118.25",
  "large_airport": "0",
  "medium_airport": "1",
  "small_airport": "0"
 },
 {
  "name": "Sumburgh Airport",
  "frequency_mhz": "125.85",
  "large_airport": "0",
  "medium_airport": "1",
  "small_airport": "0"
 },
 {
  "name": "Sumburgh Airport",
  "frequency_mhz": "131.3",
  "large_airport": "0",
  "medium_airport": "1",
  "small_airport": "0"
 },
 {
  "name": "Swansea Airport",
  "frequency_mhz": "119.7",
  "large_airport": "0",
  "medium_airport": "1",
  "small_airport": "0"
 },
 {
  "name": "Sywell Aerodrome",
  "frequency_mhz": "122.7",
  "large_airport": "0",
  "medium_airport": "0",
  "small_airport": "2"
 },
 {
  "name": "Tarn Farm Airfield (Rossall Field)",
  "frequency_mhz": "129.825",
  "large_airport": "0",
  "medium_airport": "0",
  "small_airport": "1"
 },
 {
  "name": "Tatenhill Airfield",
  "frequency_mhz": "124.075",
  "large_airport": "0",
  "medium_airport": "0",
  "small_airport": "1"
 },
 {
  "name": "Teesside International Airport",
  "frequency_mhz": "118.85",
  "large_airport": "0",
  "medium_airport": "1",
  "small_airport": "0"
 },
 {
  "name": "Teesside International Airport",
  "frequency_mhz": "119.8",
  "large_airport": "0",
  "medium_airport": "1",
  "small_airport": "0"
 },
 {
  "name": "Teesside International Airport",
  "frequency_mhz": "132.375",
  "large_airport": "0",
  "medium_airport": "1",
  "small_airport": "0"
 },
 {
  "name": "Thornborough Grounds Airstrip",
  "frequency_mhz": "135.475",
  "large_airport": "0",
  "medium_airport": "0",
  "small_airport": "1"
 },
 {
  "name": "Thruxton Aerodrome",
  "frequency_mhz": "130.45",
  "large_airport": "0",
  "medium_airport": "0",
  "small_airport": "1"
 },
 {
  "name": "Tilstock Airfield",
  "frequency_mhz": "122.075",
  "large_airport": "0",
  "medium_airport": "0",
  "small_airport": "1"
 },
 {
  "name": "Tiree Airport",
  "frequency_mhz": "122.705",
  "large_airport": "0",
  "medium_airport": "1",
  "small_airport": "0"
 },
 {
  "name": "Tresco Heliport",
  "frequency_mhz": "130.25",
  "large_airport": "0",
  "medium_airport": "0",
  "small_airport": "0"
 },
 {
  "name": "Truro Airport",
  "frequency_mhz": "129.8",
  "large_airport": "0",
  "medium_airport": "0",
  "small_airport": "1"
 },
 {
  "name": "Turweston Airport",
  "frequency_mhz": "122.175",
  "large_airport": "0",
  "medium_airport": "0",
  "small_airport": "1"
 },
 {
  "name": "Unst Airport",
  "frequency_mhz": "130.35",
  "large_airport": "0",
  "medium_airport": "0",
  "small_airport": "2"
 },
 {
  "name": "Upavon Aerodrome",
  "frequency_mhz": "122.75",
  "large_airport": "0",
  "medium_airport": "0",
  "small_airport": "1"
 },
 {
  "name": "Upavon Aerodrome",
  "frequency_mhz": "129.975",
  "large_airport": "0",
  "medium_airport": "0",
  "small_airport": "1"
 },
 {
  "name": "Warton Aerodrome",
  "frequency_mhz": "121.725",
  "large_airport": "0",
  "medium_airport": "1",
  "small_airport": "0"
 },
 {
  "name": "Warton Aerodrome",
  "frequency_mhz": "129.525",
  "large_airport": "0",
  "medium_airport": "2",
  "small_airport": "0"
 },
 {
  "name": "Warton Aerodrome",
  "frequency_mhz": "130.8",
  "large_airport": "0",
  "medium_airport": "1",
  "small_airport": "0"
 },
 {
  "name": "Wattisham Airfield",
  "frequency_mhz": "122.1",
  "large_airport": "0",
  "medium_airport": "1",
  "small_airport": "0"
 },
 {
  "name": "Wattisham Airfield",
  "frequency_mhz": "123.3",
  "large_airport": "0",
  "medium_airport": "2",
  "small_airport": "0"
 },
 {
  "name": "Wattisham Airfield",
  "frequency_mhz": "125.8",
  "large_airport": "0",
  "medium_airport": "1",
  "small_airport": "0"
 },
 {
  "name": "Wellesbourne Airfield",
  "frequency_mhz": "124.03",
  "large_airport": "0",
  "medium_airport": "0",
  "small_airport": "1"
 },
 {
  "name": "Welshpool Airport",
  "frequency_mhz": "128.0",
  "large_airport": "0",
  "medium_airport": "0",
  "small_airport": "1"
 },
 {
  "name": "Westonzoyland Microlight",
  "frequency_mhz": "129.825",
  "large_airport": "0",
  "medium_airport": "0",
  "small_airport": "1"
 },
 {
  "name": "Westray Airport",
  "frequency_mhz": "118.3",
  "large_airport": "0",
  "medium_airport": "0",
  "small_airport": "1"
 },
 {
  "name": "White Waltham Airfield",
  "frequency_mhz": "122.6",
  "large_airport": "0",
  "medium_airport": "0",
  "small_airport": "2"
 },
 {
  "name": "Wick Airport",
  "frequency_mhz": "113.6",
  "large_airport": "0",
  "medium_airport": "1",
  "small_airport": "0"
 },
 {
  "name": "Wick Airport",
  "frequency_mhz": "119.705",
  "large_airport": "0",
  "medium_airport": "3",
  "small_airport": "0"
 },
 {
  "name": "Wickenby Aerodrome",
  "frequency_mhz": "122.45",
  "large_airport": "0",
  "medium_airport": "0",
  "small_airport": "2"
 },
 {
  "name": "Wing Farm Airfield",
  "frequency_mhz": "135.475",
  "large_airport": "0",
  "medium_airport": "0",
  "small_airport": "1"
 },
 {
  "name": "Wolverhampton Halfpenny Green Airport",
  "frequency_mhz": "123.0",
  "large_airport": "0",
  "medium_airport": "0",
  "small_airport": "2"
 },
 {
  "name": "Wolverhampton Halfpenny Green Airport",
  "frequency_mhz": "124.875",
  "large_airport": "0",
  "medium_airport": "0",
  "small_airport": "1"
 },
 {
  "name": "Wycombe Air Park",
  "frequency_mhz": "121.77",
  "large_airport": "0",
  "medium_airport": "0",
  "small_airport": "1"
 },
 {
  "name": "Wycombe Air Park",
  "frequency_mhz": "126.55",
  "large_airport": "0",
  "medium_airport": "0",
  "small_airport": "1"
 },
 {
  "name": "Yeovil/Westland Aerodrome",
  "frequency_mhz": "125.4",
  "large_airport": "0",
  "medium_airport": "0",
  "small_airport": "2"
 },
 {
  "name": "Yeovil/Westland Aerodrome",
  "frequency_mhz": "130.8",
  "large_airport": "0",
  "medium_airport": "0",
  "small_airport": "1"
 }
]