name,frequency_mhz,large_airport,medium_airport,small_airport
Aberdeen Dyce Airport,118.105,0,1,0
Aberdeen Dyce Airport,119.055,0,1,0
Aberdeen Dyce Airport,121.705,0,1,0
Aberdeen Dyce Airport,121.855,0,1,0
Aberdeen Dyce Airport,128.305,0,1,0
Aberdeen Dyce Airport,134.1,0,1,0
Aberdeen Dyce Airport,135.175,0,1,0
Aberporth Airport,122.15,0,0,1
Andrewsfield,130.555,0,0,2
Anglesey Airport,120.725,0,1,0
Anglesey Airport,122.1,0,2,0
Anglesey Airport,125.225,0,1,0
Anglesey Airport,134.35,0,1,0
Ashcroft Airfield,122.525,0,0,1
Audley End Airfield,135.475,0,0,1
Badminton Airfield,123.175,0,0,1
Bagby Thirsk Prv Airport,123.25,0,0,1
Barra Airport,118.075,0,1,0
Barrow Walney Island Airport,123.2,0,1,0
Beccles Airfield,120.375,0,0,1
Bedford Aerodrome,119.025,0,0,1
Bedford Aerodrome,129.8,0,0,1
Belfast International Airport,26.48,1,0,0
Belfast International Airport,109.9,1,0,0
Belfast International Airport,110.9,1,0,0
Belfast International Airport,118.3,1,0,0
Belfast International Airport,120.9,1,0,0
Belfast International Airport,121.75,1,0,0
Belfast International Airport,128.2,1,0,0
Belfast International Airport,128.5,1,0,0
Bembridge Airport,123.25,0,0,1
Benbecula Airport,113.95,0,1,0
Benbecula Airport,119.205,0,2,0
Beverley/Linley Hill Airfield,123.05,0,0,1
Birmingham International Airport,118.05,1,0,0
Birmingham International Airport,118.3,1,0,0
Birmingham International Airport,121.8,1,0,0
Birmingham International Airport,136.02,1,0,0
Blackbushe Airport,122.3,0,1,0
Blackpool International Airport,118.4,0,1,0
Blackpool International Airport,119.95,0,1,0
Blackpool International Airport,121.75,0,1,0
Bodmin Airfield,122.7,0,0,1
Boston Aerodrome,135.475,0,0,1
Bourn Airfield,124.35,0,0,1
Bourn Airfield,129.8,0,0,1
Bournemouth Airport,119.475,0,1,0
Bournemouth Airport,121.7,0,1,0
Bournemouth Airport,121.95,0,1,0
Bournemouth Airport,125.6,0,1,0
Bowerswaine Farm Airfield,135.475,0,0,1
Branscombe Airfield,135.475,0,0,1
Breighton Airfield,129.8,0,0,1
Bristol Airport,121.925,1,0,0
Bristol Airport,126.025,1,0,0
Bristol Airport,133.85,1,0,0
Bristol Airport,136.075,1,0,0
Bruntingthorpe Airport,122.825,0,0,1
Bute Airfield,135.475,0,0,1
Caernarfon Airport,122.25,0,0,1
Cambridge Airport,122.2,0,1,0
Cambridge Airport,123.6,0,1,0
Cambridge Airport,124.975,0,1,0
Cambridge Airport,134.6,0,1,0
Campbeltown Airport,125.905,0,1,0
Cardiff Heliport,120.65,0,0,0
Cardiff International Airport,119.15,1,0,0
Cardiff International Airport,125.85,1,0,0
Cardiff International Airport,132.475,1,0,0
Cardiff International Airport,133.1,1,0,0
Cardiff International Airport,133.6,1,0,0
Cark airfield,129.9,0,0,1
Carlisle Airport,118.425,0,1,0
Carlisle Airport,123.6,0,3,0
Causeway Airfield,135.475,0,0,1
Chalgrove Airport,125.4,0,0,1
Chiltern Park Aerodrome,134.025,0,0,1
City Airport Manchester,120.25,0,0,1
City of Derry Airport,119.38,0,1,0
City of Derry Airport,123.625,0,1,0
City of Derry Airport,134.155,0,1,0
Clacton Airfield,118.15,0,0,1
Clench Common Airfield,129.825,0,0,1
Clench Common Airfield,135.475,0,0,1
Colemore Farm Airfield,135.475,0,0,1
Coll Airport,125.0,0,0,1
Colonsay Airstrip,123.8,0,0,1
Compton Abbas Aerodrome,122.7,0,0,1
Cotswold Airport,118.9,0,0,1
Coventry Airport,121.6,0,1,0
Coventry Airport,123.83,0,1,0
Cranfield Airport,121.875,0,1,0
Cranfield Airport,122.85,0,2,0
Cranfield Airport,134.925,0,1,0
Cromer/Northrepps Aerodrome,129.825,0,0,1
Crowfield Airfield,122.775,0,0,1
Crowfield Airfield,125.8,0,0,1
Cumbernauld Airport,120.6,0,0,1
DCAE Cosford Air Base,28.2,0,1,0
DCAE Cosford Air Base,128.65,0,2,0
DCAE Cosford Air Base,135.875,0,1,0
DCAE Cosford Air Base,241.4,0,1,0
DCAE Cosford Air Base,376.42,0,1,0
DCAE Cosford Air Base,378.65,0,1,0
Darley Moor Airfield,135.475,0,0,1
Deanland Lewes Airfield,129.73,0,0,1
Denham Aerodrome,130.725,0,0,2
Derby Airfield,118.35,0,0,1
Dornoch Airfield,119.35,0,0,1
Dundee Airport,119.33,0,1,0
Dundee Airport,122.905,0,2,0
Dunkeswell Airport,123.475,0,0,1
Dunsfold Aerodrome,119.1,0,0,1
Duxford Aerodrome,122.075,0,0,1
Eaglescott Airfield,123.0,0,0,1
Earls Colne Airfield,122.425,0,0,1
East Midlands Airport,121.6,1,0,0
East Midlands Airport,121.9,1,0,0
East Midlands Airport,122.675,1,0,0
East Midlands Airport,124.0,1,0,0
East Midlands Airport,134.175,1,0,0
Easter Airfield,122.75,0,0,1
Easter Airfield,135.48,0,0,1
Edinburgh Airport,118.7,1,0,0
Edinburgh Airport,121.2,1,0,0
Edinburgh Airport,121.75,1,0,0
Edinburgh Airport,131.35,1,0,0
Eggesford Airfield,123.5,0,0,1
Elmsett Airfield,130.9,0,0,1
Elstree Airfield,122.4,0,0,2
Elvington Airfield,119.625,0,0,1
Enniskillen/St Angelo Airport,123.205,0,1,0
Enstone Aerodrome,129.875,0,0,1
Eshott Airfield,122.85,0,0,1
Eshott Airfield,124.375,0,0,1
Exeter International Airport,119.325,1,0,0
Exeter International Airport,119.8,1,0,0
Exeter International Airport,123.57,1,0,0
Exeter International Airport,128.975,1,0,0
Fair Isle Airport,118.025,0,0,1
Fairoaks Airport,123.43,0,0,2
Farnborough Airport,121.6,0,1,0
Farnborough Airport,122.5,0,1,0
Farnborough Airport,123.225,0,1,0
Farnborough Airport,125.25,0,1,0
Farnborough Airport,128.4,0,1,0
Farnborough Airport,130.05,0,1,0
Farnborough Airport,130.375,0,1,0
Farnborough Airport,132.8,0,1,0
Farnborough Airport,134.35,0,1,0
Farway Common Airfield,135.475,0,0,1
Fenland Airfield,122.925,0,0,2
Fife Airport,130.455,0,0,1
Fowlmere Airfield,120.925,0,0,1
Fowlmere Airfield,135.7,0,0,1
Full Sutton Airfield,132.325,0,0,1
Garton Field Airstrip,122.075,0,0,1
George Best Belfast City Airport,122.825,0,1,0
George Best Belfast City Airport,130.85,0,1,0
George Best Belfast City Airport,136.625,0,1,0
Gigha Airfield,135.475,0,0,1
Glasgow International Airport,118.805,1,0,0
Glasgow International Airport,119.1,1,0,0
Glasgow International Airport,120.35,1,0,0
Glasgow International Airport,121.705,1,0,0
Glasgow International Airport,129.575,1,0,0
Glasgow Prestwick Airport,118.15,0,1,0
Glasgow Prestwick Airport,120.55,0,1,0
Glasgow Prestwick Airport,121.125,0,1,0
Glasgow Prestwick Airport,129.45,0,1,0
Glenforsa Airfield,128.8,0,0,1
Glenswinton Farm Airstrip,135.475,0,0,1
Gloucestershire Airport,120.975,0,1,0
Gloucestershire Airport,121.6,0,1,0
Gloucestershire Airport,122.9,0,1,0
Gloucestershire Airport,127.475,0,1,0
Gloucestershire Airport,128.55,0,1,0
Goodwood Aerodrome,122.455,0,0,1
Great Oakley,123.205,0,0,1
Great Yarmouth - North Denes Heliport,123.4,0,0,0
Greenlease Farm Airstrip,122.455,0,0,1
Grove Farm Airstrip,130.43,0,0,1
Haverfordwest Airport,122.2,0,1,0
Hawarden Airport,120.055,0,1,0
Hawarden Airport,124.955,0,1,0
Hawarden Airport,125.43,0,1,0
Hawarden Airport,130.015,0,1,0
Headcorn Aerodrome,122.0,0,0,1
Henstridge Airfield,130.25,0,0,1
Hinton-in-the-Hedges Airfield,119.45,0,0,1
Holmbeck Farm Airfield,135.475,0,0,1
Humberside Airport,119.13,0,1,0
Humberside Airport,124.13,0,1,0
Humberside Airport,124.905,0,1,0
Humberside Airport,129.255,0,1,0
Hunsdon Airfield,135.48,0,0,1
Insch,135.475,0,0,1
Inverness Airport,109.2,0,1,0
Inverness Airport,118.405,0,1,0
Inverness Airport,122.605,0,3,0
Islay Airport,123.155,0,1,0
Isle of Wight / Sandown Airport,123.5,0,0,1
Keyston Airfield,135.475,0,0,1
Kirkwall Airport,118.305,0,2,0
Kirriemuir Farm Strip,132.475,0,0,1
Land's End Airport,130.7,0,0,3
Lasham Airfield,125.25,0,1,0
Lasham Airfield,129.9,0,1,0
Leeds Bradford Airport,110.9,1,0,0
Leeds Bradford Airport,118.025,1,0,0
Leeds Bradford Airport,120.305,1,0,0
Leeds Bradford Airport,121.805,1,0,0
Leeds Bradford Airport,123.38,1,0,0
Leeds Bradford Airport,134.58,1,0,0
Leeds East Airport,126.5,0,1,0
Leicester Airport,122.125,0,0,1
Lerwick / Tingwall Airport,122.6,0,0,1
Leuchars Station Airfield,36.925,0,1,0
Leuchars Station Airfield,37.007,0,1,0
Leuchars Station Airfield,122.1,0,2,0
Leuchars Station Airfield,123.3,0,1,0
Leuchars Station Airfield,126.5,0,1,0
Little Gransden Airfield,130.85,0,0,1
Liverpool John Lennon Airport,119.85,1,0,0
Liverpool John Lennon Airport,121.95,1,0,0
Liverpool John Lennon Airport,124.325,1,0,0
Liverpool John Lennon Airport,126.35,1,0,0
Llanbedr Airport,29.252,0,0,1
Llanbedr Airport,118.93,0,0,1
London Biggin Hill Airport,129.4,0,1,0
London Biggin Hill Airport,132.7,0,1,0
London Biggin Hill Airport,134.8,0,1,0
London Biggin Hill Airport,135.675,0,1,0
London City Airport,118.075,0,1,0
London City Airport,121.825,0,1,0
London City Airport,132.7,0,1,0
London City Airport,136.35,0,1,0
London Gatwick Airport,118.95,1,0,0
London Gatwick Airport,121.805,1,0,0
London Gatwick Airport,121.955,1,0,0
London Gatwick Airport,124.3,1,0,0
London Gatwick Airport,126.825,1,0,0
London Gatwick Airport,136.525,1,0,0
London Heathrow Airport,113.75,1,0,0
London Heathrow Airport,115.1,1,0,0
London Heathrow Airport,118.5,1,0,0
London Heathrow Airport,118.7,1,0,0
London Heathrow Airport,119.725,1,0,0
London Heathrow Airport,120.4,1,0,0
London Heathrow Airport,121.7,1,0,0
London Heathrow Airport,121.85,1,0,0
London Heathrow Airport,121.9,1,0,0
London Heathrow Airport,121.935,1,0,0
London Heathrow Airport,121.975,1,0,0
London Heathrow Airport,124.475,1,0,0
London Heathrow Airport,127.525,1,0,0
London Heathrow Airport,128.075,1,0,0
London Heathrow Airport,134.975,1,0,0
London Heliport,122.9,0,0,0
London Luton Airport,120.575,1,0,0
London Luton Airport,121.75,1,0,0
London Luton Airport,129.55,1,0,0
London Luton Airport,132.55,1,0,0
London Stansted Airport,120.625,1,0,0
London Stansted Airport,121.725,1,0,0
London Stansted Airport,121.95,1,0,0
London Stansted Airport,123.8,1,0,0
London Stansted Airport,127.175,1,0,0
London Stansted Airport,136.2,2,0,0
Long Acres Farm,129.825,0,0,1
Long Marston Airfield,129.825,0,0,1
Longside Airfield,130.575,0,0,1
Lower Upham Farm Airfield,135.475,0,0,1
Lydd Airport,120.7,0,1,0
Lydd Airport,128.525,0,1,0
Lydd Airport,129.225,0,1,0
Manchester Airport,118.625,1,0,0
Manchester Airport,119.4,1,0,0
Manchester Airport,121.7,1,0,0
Manchester Airport,121.85,1,0,0
Manchester Airport,128.175,1,0,0
Manchester Airport,135.0,1,0,0
Middle Wallop Airfield,118.275,0,0,2
Middle Wallop Airfield,118.6,0,0,1
Middle Wallop Airfield,280.62,0,0,1
Middle Wallop Airfield,357.02,0,0,1
MoD Boscombe Down Airport,27.572,0,1,0
MoD Boscombe Down Airport,126.7,0,1,0
MoD Boscombe Down Airport,130.0,0,2,0
MoD Boscombe Down Airport,130.75,0,2,0
Nantclwyd Airstrip,130.38,0,0,1
Napps Field Airstrip,135.475,0,0,1
Netheravon Airfield,128.3,0,0,2
Netherthorpe Airfield,123.275,0,0,1
Newcastle Airport,111.5,1,0,0
Newcastle Airport,118.375,1,0,0
Newcastle Airport,119.7,1,0,0
Newcastle Airport,121.725,1,0,0
Newcastle Airport,124.375,1,0,0
Newquay Cornwall Airport,121.95,0,1,0
Newquay Cornwall Airport,125.55,0,1,0
Newquay Cornwall Airport,127.4,0,1,0
Newquay Cornwall Airport,127.925,0,1,0
Newquay Cornwall Airport,131.8,0,1,0
Newquay Cornwall Airport,133.4,0,1,0
Newquay Cornwall Airport,134.375,0,1,0
Newton Peveril Airfield,135.475,0,0,1
Newtownards Airport,128.305,0,0,1
North Coates,120.15,0,0,1
North Ronaldsay Airport,118.3,0,0,1
North Weald Airport,123.525,0,0,1
Norwich International Airport,119.35,0,1,0
Norwich International Airport,124.25,0,1,0
Norwich International Airport,128.325,0,1,0
Norwich International Airport,128.625,0,1,0
Nottingham Airport,134.875,0,1,0
Oaksey Park Airport,122.775,0,0,1
Oban Airport,118.055,0,0,1
Old Buckenham Airfield,124.4,0,0,1
Oxford (Kidlington) Airport,121.95,0,1,0
Oxford (Kidlington) Airport,124.27,0,1,0
Oxford (Kidlington) Airport,125.325,0,1,0
Oxford (Kidlington) Airport,127.75,0,1,0
Oxford (Kidlington) Airport,133.425,0,2,0
Oxford (Kidlington) Airport,136.225,0,1,0
Pembrey Airport,124.4,0,0,3
Perranporth Airfield,119.75,0,0,1
Perth/Scone Airport,121.08,0,0,1
Peterborough Business Airport,129.725,0,0,1
Peterborough/Sibson Airport,120.325,0,0,1
Peterborough/Sibson Airport,122.3,0,0,1
Peterhead Heliport,118.28,0,0,0
Plaistows Airfield,129.825,0,0,1
Plockton Airstrip,131.91,0,0,1
Popham Airfield,129.805,0,0,1
RAF Abingdon,121.1,0,0,1
RAF Akrotiri,23.405,1,0,0
RAF Akrotiri,26.1,1,0,0
RAF Akrotiri,28.82,1,0,0
RAF Akrotiri,122.1,3,0,0
RAF Barkston Heath,28.077,0,1,0
RAF Barkston Heath,119.375,0,1,0
RAF Barkston Heath,120.425,0,1,0
RAF Barkston Heath,124.2,0,1,0
RAF Barkston Heath,281.225,0,1,0
RAF Barkston Heath,293.45,0,1,0
RAF Barkston Heath,355.95,0,1,0
RAF Barkston Heath,389.45,0,1,0
RAF Benson,120.9,0,1,0
RAF Benson,121.8,0,1,0
RAF Benson,127.15,0,1,0
RAF Benson,136.45,0,1,0
RAF Benson,282.525,0,1,0
RAF Benson,318.1,0,1,0
RAF Benson,356.125,0,1,0
RAF Benson,376.65,0,1,0
RAF Boulmer,123.1,0,0,0
RAF Brize Norton,119.0,0,1,0
RAF Brize Norton,121.725,0,1,0
RAF Brize Norton,123.55,0,1,0
RAF Brize Norton,123.725,0,1,0
RAF Brize Norton,124.275,0,2,0
RAF Brize Norton,126.5,0,1,0
RAF Brize Norton,127.25,0,2,0
RAF Brize Norton,133.75,0,1,0
RAF Brize Norton,135.75,0,1,0
RAF Coningsby,23.467,0,1,0
RAF Coningsby,27.777,0,1,0
RAF Coningsby,120.8,0,1,0
RAF Coningsby,122.1,0,1,0
RAF Coningsby,124.675,0,1,0
RAF Coningsby,279.7,0,1,0
RAF Coningsby,280.3,0,1,0
RAF Coningsby,282.72,0,1,0
RAF Coningsby,376.35,0,1,0
RAF Cranwell,27.777,0,1,0
RAF Cranwell,36.92,0,1,0
RAF Cranwell,119.375,0,2,0
RAF Cranwell,125.05,0,1,0
RAF Cranwell,135.675,0,1,0
RAF Cranwell,233.628,0,1,0
RAF Cranwell,240.425,0,1,0
RAF Cranwell,268.625,0,1,0
RAF Cranwell,275.675,0,1,0
RAF Cranwell,280.775,0,1,0
RAF Dishforth,122.1,0,2,0
RAF Dishforth,125.0,0,1,0
RAF Dishforth,130.1,0,1,0
RAF Dishforth,242.25,0,1,0
RAF Dishforth,278.225,0,1,0
RAF Dishforth,371.97,0,1,0
RAF Fairford,25.775,0,1,0
RAF Fairford,119.0,0,1,0
RAF Fairford,119.15,0,1,0
RAF Fairford,124.275,0,1,0
RAF Fairford,133.75,0,1,0
RAF Fairford,233.47,0,1,0
RAF Fairford,234.25,0,1,0
RAF Fairford,338.22,0,1,0
RAF Halton,130.425,0,0,1
RAF Henlow,121.1,0,0,1
RAF Honington,122.1,0,1,0
RAF Honington,123.3,0,1,0
RAF Honington,128.9,0,1,0
RAF Honington,278.62,0,1,0
RAF Kinloss,27.897,0,1,0
RAF Kinloss,38.94,0,1,0
RAF Kinloss,119.35,0,1,0
RAF Kinloss,122.1,0,1,0
RAF Kinloss,123.3,0,1,0
RAF Lakenheath,24.447,0,1,0
RAF Lakenheath,25.03,0,1,0
RAF Lakenheath,27.777,0,1,0
RAF Lakenheath,28.442,0,1,0
RAF Lakenheath,35.672,0,1,0
RAF Lakenheath,37.98,0,1,0
RAF Lakenheath,122.1,0,1,0
RAF Lakenheath,128.9,0,1,0
RAF Lakenheath,136.5,0,1,0
RAF Lakenheath,142.82,0,1,0
RAF Lakenheath,338.92,0,1,0
RAF Lakenheath,375.45,0,1,0
RAF Leeming Air Base,120.5,0,1,0
RAF Leeming Air Base,123.3,0,1,0
RAF Leeming Air Base,127.75,0,2,0
RAF Leeming Air Base,259.025,0,1,0
RAF Leeming Air Base,368.92,0,1,0
RAF Leeming Air Base,369.475,0,1,0
RAF Leeming Air Base,379.9,0,1,0
RAF Leeming Air Base,386.57,0,1,0
RAF Linton-On-Ouse,118.55,0,3,0
RAF Linton-On-Ouse,122.1,0,2,0
RAF Linton-On-Ouse,235.2,0,1,0
RAF Linton-On-Ouse,240.82,0,1,0
RAF Linton-On-Ouse,275.85,0,1,0
RAF Linton-On-Ouse,278.32,0,1,0
RAF Linton-On-Ouse,283.725,0,1,0
RAF Linton-On-Ouse,372.12,0,1,0
RAF Lossiemouth,26.477,0,1,0
RAF Lossiemouth,36.93,0,1,0
RAF Lossiemouth,118.2,0,2,0
RAF Lossiemouth,118.9,0,1,0
RAF Lossiemouth,119.35,0,1,0
RAF Lossiemouth,123.3,0,2,0
RAF Marham,122.1,0,1,0
RAF Marham,124.15,0,2,0
RAF Marham,233.075,0,1,0
RAF Marham,277.225,0,1,0
RAF Marham,281.15,0,1,0
RAF Marham,284.0,0,1,0
RAF Marham,377.475,0,1,0
RAF Marham,389.4,0,1,0
RAF Mildenhall,25.03,0,1,0
RAF Mildenhall,27.777,0,1,0
RAF Mildenhall,28.442,0,1,0
RAF Mildenhall,31.355,0,1,0
RAF Mildenhall,37.55,0,1,0
RAF Mildenhall,121.675,0,1,0
RAF Mildenhall,122.55,0,1,0
RAF Mildenhall,131.975,0,2,0
RAF Mildenhall,136.5,0,1,0
RAF Mona,118.95,0,0,1
RAF Mona,119.75,0,0,1
RAF Mona,122.225,0,0,1
RAF Mona,125.225,0,0,1
RAF Northolt,120.325,0,1,0
RAF Northolt,120.675,0,1,0
RAF Northolt,121.575,0,1,0
RAF Northolt,125.125,0,1,0
RAF Northolt,125.875,0,1,0
RAF Northolt,126.45,0,1,0
RAF Northolt,129.125,0,1,0
RAF Northolt,130.35,0,1,0
RAF Northolt,132.65,0,1,0
RAF Northolt,281.175,0,1,0
RAF Northolt,300.35,0,1,0
RAF Odiham,24.102,0,1,0
RAF Odiham,122.1,0,2,0
RAF Odiham,123.3,0,1,0
RAF Odiham,125.25,0,1,0
RAF Odiham,131.3,0,1,0
RAF Odiham,234.35,0,1,0
RAF Odiham,257.8,0,1,0
RAF Odiham,258.72,0,1,0
RAF Odiham,278.22,0,1,0
RAF Odiham,379.37,0,1,0
RAF Odiham,385.4,0,1,0
RAF Odiham,386.77,0,1,0
RAF Scampton,29.997,0,1,0
RAF Scampton,241.425,0,1,0
RAF Scampton,241.825,0,1,0
RAF Scampton,250.85,0,1,0
RAF Scampton,278.5,0,1,0
RAF Scampton,281.32,0,1,0
RAF Scampton,308.625,0,1,0
RAF Scampton,377.075,0,1,0
RAF Shawbury,28.427,0,1,0
RAF Shawbury,36.912,0,1,0
RAF Shawbury,38.945,0,1,0
RAF Shawbury,120.775,0,1,0
RAF Shawbury,122.1,0,1,0
RAF Shawbury,123.3,0,1,0
RAF Shawbury,126.5,0,1,0
RAF Syerston,125.425,0,0,1
RAF Ternhill,27.902,0,0,1
RAF Ternhill,28.2,0,0,1
RAF Ternhill,122.1,0,0,1
RAF Topcliffe,122.1,0,1,0
RAF Topcliffe,125.0,0,1,0
RAF Topcliffe,241.875,0,1,0
RAF Topcliffe,255.6,0,1,0
RAF Topcliffe,293.775,0,1,0
RAF Topcliffe,379.75,0,1,0
RAF Waddington,27.777,0,1,0
RAF Waddington,29.167,0,1,0
RAF Waddington,123.3,0,1,0
RAF Waddington,127.35,0,1,0
RAF Waddington,250.85,0,1,0
RAF Waddington,256.67,0,1,0
RAF Waddington,342.12,0,1,0
RAF Waddington,386.625,0,1,0
RAF Wittering,29.997,0,1,0
RAF Wittering,125.525,0,2,0
RAF Wittering,130.2,0,1,0
RAF Wittering,242.47,0,1,0
RAF Wittering,278.45,0,1,0
RAF Wittering,369.22,0,1,0
RAF Wittering,372.22,0,1,0
RAF Woodvale,119.75,0,0,1
RAF Woodvale,121.0,0,0,2
RAF Woodvale,278.2,0,0,1
RAF Woodvale,282.57,0,0,1
RAF Wyton,119.975,0,1,0
RAF Wyton,122.1,0,1,0
RAF Wyton,126.85,0,1,0
RAF Wyton,134.05,0,1,0
RAF Wyton,278.35,0,1,0
RAF Wyton,279.15,0,1,0
RAF Wyton,369.52,0,1,0
RNAS Culdrose,23.185,0,1,0
RNAS Culdrose,122.1,0,2,0
RNAS Culdrose,134.05,0,1,0
RNAS Culdrose,572.5,0,1,0
RNAS Predannack Air Base,122.1,0,0,1
RNAS Predannack Air Base,134.05,0,0,1
RNAS Yeovilton,26.862,0,1,0
RNAS Yeovilton,28.392,0,1,0
RNAS Yeovilton,122.1,0,1,0
RNAS Yeovilton,127.35,0,1,0
RNAS Yeovilton,673.6,0,1,0
Redhill Aerodrome,119.6,0,0,1
Retford Gamston Airport,130.475,0,0,1
Robin Hood Doncaster Sheffield Airport,110.95,1,0,0
Robin Hood Doncaster Sheffield Airport,121.6,1,0,0
Robin Hood Doncaster Sheffield Airport,126.225,2,0,0
Robin Hood Doncaster Sheffield Airport,128.775,1,0,0
Robin Hood Doncaster Sheffield Airport,134.95,1,0,0
Rochester Airport,122.255,0,0,1
Rougham Airfield / RAF Bury St Edmunds,123.165,0,0,1
Royal Marines Base Chivenor Airport,130.2,0,1,0
Rufforth East,135.475,0,0,1
Rufforth West,129.975,0,0,1
Sandtoft Airfield,130.425,0,0,1
Scatsta Airport,123.6,0,2,0
Seething Airfield,122.6,0,0,1
Sherburn-In-Elmet Airfield,126.5,0,0,1
Sherburn-In-Elmet Airfield,126.6,0,0,1
Shobdon Aerodrome,123.5,0,0,2
Shoreham Airport,123.155,0,2,0
Shoreham Airport,125.405,0,1,0
Shoreham Airport,130.975,0,1,0
Silverstone Heliport,121.075,0,0,0
Skegness (Ingoldmells) Aerodrome,132.425,0,0,1
Sleap Airport,122.45,0,0,1
Southampton Airport,113.35,1,0,0
Southampton Airport,118.2,1,0,0
Southampton Airport,121.775,1,0,0
Southampton Airport,128.85,1,0,0
Southampton Airport,130.65,1,0,0
Southend Airport,121.8,0,1,0
Southend Airport,127.725,0,1,0
Southend Airport,130.775,0,2,0
St. Athan Airport,24.112,0,1,0
St. Athan Airport,34.045,0,1,0
St. Athan Airport,118.125,0,1,0
St. Athan Airport,126.625,0,1,0
St. Athan Airport,132.475,0,1,0
St. Mary's Airport,123.15,0,0,2
Stapleford Aerodrome,122.8,0,0,1
Stoke Golding Airfield,129.825,0,0,1
Stornoway Airport,115.1,0,1,0
Stornoway Airport,119.48,0,3,0
Strathaven Airfield,135.475,0,0,1
Sturgate Airfield,130.3,0,0,1
Sumburgh Airport,118.25,0,1,0
Sumburgh Airport,125.85,0,1,0
Sumburgh Airport,131.3,0,1,0
Swansea Airport,119.7,0,1,0
Sywell Aerodrome,122.7,0,0,2
Tarn Farm Airfield (Rossall Field),129.825,0,0,1
Tatenhill Airfield,124.075,0,0,1
Teesside International Airport,118.85,0,1,0
Teesside International Airport,119.8,0,1,0
Teesside International Airport,132.375,0,1,0
Thornborough Grounds Airstrip,135.475,0,0,1
Thruxton Aerodrome,130.45,0,0,1
Tilstock Airfield,122.075,0,0,1
Tiree Airport,122.705,0,1,0
Tresco Heliport,130.25,0,0,0
Truro Airport,129.8,0,0,1
Turweston Airport,122.175,0,0,1
Unst Airport,130.35,0,0,2
Upavon Aerodrome,122.75,0,0,1
Upavon Aerodrome,129.975,0,0,1
Warton Aerodrome,121.725,0,1,0
Warton Aerodrome,129.525,0,2,0
Warton Aerodrome,130.8,0,1,0
Wattisham Airfield,122.1,0,1,0
Wattisham Airfield,123.3,0,2,0
Wattisham Airfield,125.8,0,1,0
Wellesbourne Airfield,124.03,0,0,1
Welshpool Airport,128.0,0,0,1
Westonzoyland Microlight,129.825,0,0,1
Westray Airport,118.3,0,0,1
White Waltham Airfield,122.6,0,0,2
Wick Airport,113.6,0,1,0
Wick Airport,119.705,0,3,0
Wickenby Aerodrome,122.45,0,0,2
Wing Farm Airfield,135.475,0,0,1
Wolverhampton Halfpenny Green Airport,123.0,0,0,2
Wolverhampton Halfpenny Green Airport,124.875,0,0,1
Wycombe Air Park,121.77,0,0,1
Wycombe Air Park,126.55,0,0,1
Yeovil/Westland Aerodrome,125.4,0,0,2
Yeovil/Westland Aerodrome,130.8,0,0,1
